#
# There is insufficient memory for the Java Runtime Environment to continue.
# Native memory allocation (mmap) failed to map 359661568 bytes. Error detail: G1 virtual space
# Possible reasons:
#   The system is out of physical RAM or swap space
#   This process is running with CompressedOops enabled, and the Java Heap may be blocking the growth of the native heap
# Possible solutions:
#   Reduce memory load on the system
#   Increase physical memory or swap space
#   Check if swap backing store is full
#   Decrease Java heap size (-Xmx/-Xms)
#   Decrease number of Java threads
#   Decrease Java thread stack sizes (-Xss)
#   Set larger code cache with -XX:ReservedCodeCacheSize=
#   JVM is running with Unscaled Compressed Oops mode in which the Java heap is
#     placed in the first 4GB address space. The Java Heap base address is the
#     maximum limit for the native heap growth. Please use -XX:HeapBaseMinAddress
#     to set the Java Heap base and to place the Java Heap above 4GB virtual address.
# This output file may be truncated or incomplete.
#
#  Out of Memory Error (os_windows.cpp:3618), pid=36444, tid=7784
#
# JRE version: OpenJDK Runtime Environment Temurin-17.0.16+8 (17.0.16+8) (build 17.0.16+8)
# Java VM: OpenJDK 64-Bit Server VM Temurin-17.0.16+8 (17.0.16+8, mixed mode, sharing, tiered, compressed oops, compressed class ptrs, g1 gc, windows-amd64)
# No core dump will be written. Minidumps are not enabled by default on client versions of Windows
#

---------------  S U M M A R Y ------------

Command Line: --add-opens=java.base/java.lang=ALL-UNNAMED --add-opens=java.base/java.lang.invoke=ALL-UNNAMED --add-opens=java.base/java.util=ALL-UNNAMED --add-opens=java.prefs/java.util.prefs=ALL-UNNAMED --add-exports=jdk.compiler/com.sun.tools.javac.api=ALL-UNNAMED --add-exports=jdk.compiler/com.sun.tools.javac.util=ALL-UNNAMED --add-opens=java.base/java.util=ALL-UNNAMED --add-opens=java.prefs/java.util.prefs=ALL-UNNAMED --add-opens=java.base/java.nio.charset=ALL-UNNAMED --add-opens=java.base/java.net=ALL-UNNAMED --add-opens=java.base/java.util.concurrent=ALL-UNNAMED --add-opens=java.base/java.util.concurrent.atomic=ALL-UNNAMED --add-opens=java.xml/javax.xml.namespace=ALL-UNNAMED -XX:MaxMetaspaceSize=512m -Xmx2048m -Dfile.encoding=windows-1252 -Duser.country=US -Duser.language=en -Duser.variant -javaagent:C:\Users\ansab\.gradle\wrapper\dists\gradle-9.0.0-bin\d6wjpkvcgsg3oed0qlfss3wgl\gradle-9.0.0\lib\agents\gradle-instrumentation-agent-9.0.0.jar org.gradle.launcher.daemon.bootstrap.GradleDaemon 9.0.0

Host: Intel(R) Core(TM) i7-10610U CPU @ 1.80GHz, 8 cores, 15G,  Windows 11 , 64 bit Build 26100 (10.0.26100.8328)
Time: Thu Jun 18 17:49:15 2026 India Standard Time elapsed time: 411.455930 seconds (0d 0h 6m 51s)

---------------  T H R E A D  ---------------

Current thread (0x000002b66c70c390):  VMThread "VM Thread" [stack: 0x000000e73fb00000,0x000000e73fc00000] [id=7784]

Stack: [0x000000e73fb00000,0x000000e73fc00000]
Native frames: (J=compiled Java code, j=interpreted, Vv=VM code, C=native code)
V  [jvm.dll+0x683169]
V  [jvm.dll+0x839ac8]
V  [jvm.dll+0x83b573]
V  [jvm.dll+0x83bbe3]
V  [jvm.dll+0x2473ff]
V  [jvm.dll+0x67ff49]
V  [jvm.dll+0x674e3a]
V  [jvm.dll+0x304ea6]
V  [jvm.dll+0x30c366]
V  [jvm.dll+0x35deee]
V  [jvm.dll+0x35e12d]
V  [jvm.dll+0x2dc26c]
V  [jvm.dll+0x2df286]
V  [jvm.dll+0x2e99ac]
V  [jvm.dll+0x31d7cd]
V  [jvm.dll+0x84041d]
V  [jvm.dll+0x841153]
V  [jvm.dll+0x84167f]
V  [jvm.dll+0x841a64]
V  [jvm.dll+0x841b2e]
V  [jvm.dll+0x7e979c]
V  [jvm.dll+0x682047]
C  [ucrtbase.dll+0x37b0]
C  [KERNEL32.DLL+0x2e957]
C  [ntdll.dll+0x427c]

VM_Operation (0x000000e73f7ff7d0): G1PauseRemark, mode: safepoint, requested by thread 0x000002b64e270c70


---------------  P R O C E S S  ---------------

Threads class SMR info:
_java_thread_list=0x000002b61cc43b10, length=148, elements={
0x000002b64e204520, 0x000002b66c718390, 0x000002b66c718e60, 0x000002b66c840ec0,
0x000002b66c8437a0, 0x000002b66c846080, 0x000002b66c846950, 0x000002b66c847550,
0x000002b66c8ab1b0, 0x000002b66c8b36c0, 0x000002b66c6fe420, 0x000002b66c9f6bb0,
0x000002b671eb1970, 0x000002b671e84130, 0x000002b67333a030, 0x000002b671a94a10,
0x000002b671a96360, 0x000002b671a94f20, 0x000002b674a81bf0, 0x000002b674a7e440,
0x000002b674a7fd90, 0x000002b674a83a50, 0x000002b67452d450, 0x000002b67452e380,
0x000002b67452ca30, 0x000002b675bf3ef0, 0x000002b674a83540, 0x000002b6724802f0,
0x000002b67247d050, 0x000002b672480d10, 0x000002b67e13eec0, 0x000002b67e13e4a0,
0x000002b61de97730, 0x000002b61c2d1a80, 0x000002b674a7e950, 0x000002b674a7f880,
0x000002b674a811d0, 0x000002b61de96d10, 0x000002b61de96800, 0x000002b61de95de0,
0x000002b61de962f0, 0x000002b61de97220, 0x000002b61d2bebf0, 0x000002b61d2bfb20,
0x000002b61d2c0030, 0x000002b61d2c0540, 0x000002b675832a40, 0x000002b675831b10,
0x000002b674a802a0, 0x000002b674a82610, 0x000002b61c2d0640, 0x000002b61c2d0b50,
0x000002b61c2d1060, 0x000002b67f8416e0, 0x000002b67f841bf0, 0x000002b61d81d0e0,
0x000002b61d81cbd0, 0x000002b61d81c1b0, 0x000002b61d81c6c0, 0x000002b61d81d5f0,
0x000002b61d81bca0, 0x000002b61d81db00, 0x000002b61d81e010, 0x000002b61d81e520,
0x000002b6758306d0, 0x000002b67f842100, 0x000002b61e3db580, 0x000002b67f842b20,
0x000002b61d81ea30, 0x000002b61d81ef40, 0x000002b61e3dba90, 0x000002b67dbf36e0,
0x000002b67dbf3bf0, 0x000002b67dbf2cc0, 0x000002b67dbf31d0, 0x000002b67dbf4100,
0x000002b67d509940, 0x000002b67d50a870, 0x000002b67d50b7a0, 0x000002b61d042a00,
0x000002b61d045280, 0x000002b61d044860, 0x000002b61d045790, 0x000002b61d044d70,
0x000002b61bf6e310, 0x000002b61bf6b070, 0x000002b67d50bcb0, 0x000002b67d50ad80,
0x000002b67d50c1c0, 0x000002b67d50a360, 0x000002b67d50b290, 0x000002b67d50c6d0,
0x000002b67d50cbe0, 0x000002b67d50d0f0, 0x000002b675833460, 0x000002b675832f50,
0x000002b67582fcb0, 0x000002b675832020, 0x000002b675830be0, 0x000002b6758310f0,
0x000002b675831600, 0x000002b61e3dbfa0, 0x000002b61e3dc4b0, 0x000002b61e3dc9c0,
0x000002b61eb94cd0, 0x000002b61eb947c0, 0x000002b61eb96620, 0x000002b61eb951e0,
0x000002b61eb97f70, 0x000002b61eb95c00, 0x000002b61eb96110, 0x000002b61eb97a60,
0x000002b61eb956f0, 0x000002b61eb96b30, 0x000002b61eb97040, 0x000002b6758301c0,
0x000002b675832530, 0x000002b61beedb10, 0x000002b61beeb290, 0x000002b61beed0f0,
0x000002b61beead80, 0x000002b61beea870, 0x000002b61eb97550, 0x000002b61e7c5bb0,
0x000002b61beeb7a0, 0x000002b61beebcb0, 0x000002b61beee020, 0x000002b61beec1c0,
0x000002b61beec6d0, 0x000002b61beecbe0, 0x000002b61beed600, 0x000002b61e065e70,
0x000002b61e064a30, 0x000002b61e0635f0, 0x000002b61e066380, 0x000002b61e066890,
0x000002b61e066da0, 0x000002b61e064010, 0x000002b61d81f450, 0x000002b61d5daaa0,
0x000002b61d5d7800, 0x000002b61d5d8220, 0x000002b61d5d72f0, 0x000002b61e7c56a0,
0x000002b674a807b0, 0x000002b674a84e90, 0x000002b61c435470, 0x000002b61c436f00
}

Java Threads: ( => current thread )
  0x000002b64e204520 JavaThread "main" [_thread_blocked, id=35936, stack(0x000000e73f500000,0x000000e73f600000)]
  0x000002b66c718390 JavaThread "Reference Handler" daemon [_thread_blocked, id=10656, stack(0x000000e73fc00000,0x000000e73fd00000)]
  0x000002b66c718e60 JavaThread "Finalizer" daemon [_thread_blocked, id=37708, stack(0x000000e73fd00000,0x000000e73fe00000)]
  0x000002b66c840ec0 JavaThread "Signal Dispatcher" daemon [_thread_blocked, id=43440, stack(0x000000e73fe00000,0x000000e73ff00000)]
  0x000002b66c8437a0 JavaThread "Attach Listener" daemon [_thread_blocked, id=42524, stack(0x000000e73ff00000,0x000000e740000000)]
  0x000002b66c846080 JavaThread "Service Thread" daemon [_thread_blocked, id=23284, stack(0x000000e740000000,0x000000e740100000)]
  0x000002b66c846950 JavaThread "Monitor Deflation Thread" daemon [_thread_blocked, id=34268, stack(0x000000e740100000,0x000000e740200000)]
  0x000002b66c847550 JavaThread "C2 CompilerThread0" daemon [_thread_blocked, id=30288, stack(0x000000e740200000,0x000000e740300000)]
  0x000002b66c8ab1b0 JavaThread "C1 CompilerThread0" daemon [_thread_blocked, id=33860, stack(0x000000e740300000,0x000000e740400000)]
  0x000002b66c8b36c0 JavaThread "Sweeper thread" daemon [_thread_blocked, id=42680, stack(0x000000e740400000,0x000000e740500000)]
  0x000002b66c6fe420 JavaThread "Common-Cleaner" daemon [_thread_blocked, id=35340, stack(0x000000e740500000,0x000000e740600000)]
  0x000002b66c9f6bb0 JavaThread "Notification Thread" daemon [_thread_blocked, id=39560, stack(0x000000e740600000,0x000000e740700000)]
  0x000002b671eb1970 JavaThread "Daemon health stats" [_thread_blocked, id=32936, stack(0x000000e740900000,0x000000e740a00000)]
  0x000002b671e84130 JavaThread "Incoming local TCP Connector on port 58065" [_thread_in_native, id=27368, stack(0x000000e740800000,0x000000e740900000)]
  0x000002b67333a030 JavaThread "Daemon periodic checks" [_thread_blocked, id=36352, stack(0x000000e741000000,0x000000e741100000)]
  0x000002b671a94a10 JavaThread "Cache worker for journal cache (C:\Users\ansab\.gradle\caches\journal-1)" [_thread_blocked, id=39660, stack(0x000000e741800000,0x000000e741900000)]
  0x000002b671a96360 JavaThread "File lock request listener" [_thread_in_native, id=40436, stack(0x000000e741900000,0x000000e741a00000)]
  0x000002b671a94f20 JavaThread "Cache worker for file hash cache (C:\Users\ansab\.gradle\caches\9.0.0\fileHashes)" [_thread_blocked, id=30748, stack(0x000000e741a00000,0x000000e741b00000)]
  0x000002b674a81bf0 JavaThread "File watcher server" daemon [_thread_blocked, id=28940, stack(0x000000e742000000,0x000000e742100000)]
  0x000002b674a7e440 JavaThread "File watcher consumer" daemon [_thread_blocked, id=42300, stack(0x000000e742100000,0x000000e742200000)]
  0x000002b674a7fd90 JavaThread "Cache worker for file content cache (C:\Users\ansab\.gradle\caches\9.0.0\fileContent)" [_thread_blocked, id=13624, stack(0x000000e742300000,0x000000e742400000)]
  0x000002b674a83a50 JavaThread "jar transforms" [_thread_blocked, id=37636, stack(0x000000e742800000,0x000000e742900000)]
  0x000002b67452d450 JavaThread "Memory manager" [_thread_blocked, id=42396, stack(0x000000e744600000,0x000000e744700000)]
  0x000002b67452e380 JavaThread "ForkJoinPool.commonPool-worker-2" daemon [_thread_blocked, id=31728, stack(0x000000e744800000,0x000000e744900000)]
  0x000002b67452ca30 JavaThread "ForkJoinPool.commonPool-worker-5" daemon [_thread_blocked, id=38076, stack(0x000000e744b00000,0x000000e744c00000)]
  0x000002b675bf3ef0 JavaThread "jar transforms Thread 2" [_thread_blocked, id=14236, stack(0x000000e748500000,0x000000e748600000)]
  0x000002b674a83540 JavaThread "jar transforms Thread 3" [_thread_blocked, id=30808, stack(0x000000e742b00000,0x000000e742c00000)]
  0x000002b6724802f0 JavaThread "jar transforms Thread 4" [_thread_blocked, id=40544, stack(0x000000e749000000,0x000000e749100000)]
  0x000002b67247d050 JavaThread "jar transforms Thread 5" [_thread_blocked, id=40308, stack(0x000000e746800000,0x000000e746900000)]
  0x000002b672480d10 JavaThread "jar transforms Thread 6" [_thread_blocked, id=35020, stack(0x000000e749300000,0x000000e749400000)]
  0x000002b67e13eec0 JavaThread "jar transforms Thread 7" [_thread_blocked, id=39616, stack(0x000000e749800000,0x000000e749900000)]
  0x000002b67e13e4a0 JavaThread "jar transforms Thread 8" [_thread_blocked, id=10048, stack(0x000000e749900000,0x000000e749a00000)]
  0x000002b61de97730 JavaThread "pool-3-thread-1" [_thread_blocked, id=26496, stack(0x000000e744e00000,0x000000e744f00000)]
  0x000002b61c2d1a80 JavaThread "Daemon Thread 2" [_thread_blocked, id=31720, stack(0x000000e73f400000,0x000000e73f500000)]
  0x000002b674a7e950 JavaThread "Handler for socket connection from /127.0.0.1:58065 to /127.0.0.1:49299" [_thread_in_native, id=25156, stack(0x000000e740f00000,0x000000e741000000)]
  0x000002b674a7f880 JavaThread "Cancel handler" [_thread_blocked, id=38596, stack(0x000000e741100000,0x000000e741200000)]
  0x000002b674a811d0 JavaThread "Daemon worker Thread 2" [_thread_blocked, id=35464, stack(0x000000e741200000,0x000000e741300000)]
  0x000002b61de96d10 JavaThread "Asynchronous log dispatcher for DefaultDaemonConnection: socket connection from /127.0.0.1:58065 to /127.0.0.1:49299" [_thread_blocked, id=36644, stack(0x000000e741300000,0x000000e741400000)]
  0x000002b61de96800 JavaThread "Stdin handler" [_thread_blocked, id=38084, stack(0x000000e741400000,0x000000e741500000)]
  0x000002b61de95de0 JavaThread "Daemon client event forwarder" [_thread_blocked, id=40032, stack(0x000000e741500000,0x000000e741600000)]
  0x000002b61de962f0 JavaThread "Cache worker for file hash cache (C:\Projects\swapp\android\.gradle\9.0.0\fileHashes)" [_thread_blocked, id=39568, stack(0x000000e741600000,0x000000e741700000)]
  0x000002b61de97220 JavaThread "Cache worker for Build Output Cleanup Cache (C:\Projects\swapp\android\.gradle\buildOutputCleanup)" [_thread_blocked, id=16524, stack(0x000000e741700000,0x000000e741800000)]
  0x000002b61d2bebf0 JavaThread "Cache worker for checksums cache (C:\Projects\swapp\android\.gradle\9.0.0\checksums)" [_thread_blocked, id=40280, stack(0x000000e741e00000,0x000000e741f00000)]
  0x000002b61d2bfb20 JavaThread "Cache worker for cache directory md-supplier (C:\Users\ansab\.gradle\caches\9.0.0\md-supplier)" [_thread_blocked, id=27668, stack(0x000000e742500000,0x000000e742600000)]
  0x000002b61d2c0030 JavaThread "Cache worker for cache directory md-rule (C:\Users\ansab\.gradle\caches\9.0.0\md-rule)" [_thread_blocked, id=43980, stack(0x000000e742600000,0x000000e742700000)]
  0x000002b61d2c0540 JavaThread "Cache worker for Build Output Cleanup Cache (C:\Projects\swapp\node_modules\@react-native\gradle-plugin\.gradle\buildOutputCleanup)" [_thread_blocked, id=1592, stack(0x000000e742700000,0x000000e742800000)]
  0x000002b675832a40 JavaThread "Unconstrained build operations" [_thread_blocked, id=37760, stack(0x000000e741f00000,0x000000e742000000)]
  0x000002b675831b10 JavaThread "Unconstrained build operations Thread 2" [_thread_blocked, id=43768, stack(0x000000e742200000,0x000000e742300000)]
  0x000002b674a802a0 JavaThread "Unconstrained build operations Thread 3" [_thread_blocked, id=41920, stack(0x000000e742900000,0x000000e742a00000)]
  0x000002b674a82610 JavaThread "Unconstrained build operations Thread 4" [_thread_blocked, id=43924, stack(0x000000e742a00000,0x000000e742b00000)]
  0x000002b61c2d0640 JavaThread "Unconstrained build operations Thread 5" [_thread_blocked, id=37748, stack(0x000000e742e00000,0x000000e742f00000)]
  0x000002b61c2d0b50 JavaThread "Unconstrained build operations Thread 6" [_thread_blocked, id=41672, stack(0x000000e742f00000,0x000000e743000000)]
  0x000002b61c2d1060 JavaThread "Unconstrained build operations Thread 7" [_thread_blocked, id=37840, stack(0x000000e743000000,0x000000e743100000)]
  0x000002b67f8416e0 JavaThread "Unconstrained build operations Thread 8" [_thread_blocked, id=12284, stack(0x000000e743100000,0x000000e743200000)]
  0x000002b67f841bf0 JavaThread "Unconstrained build operations Thread 9" [_thread_blocked, id=40564, stack(0x000000e743200000,0x000000e743300000)]
  0x000002b61d81d0e0 JavaThread "Unconstrained build operations Thread 10" [_thread_blocked, id=36368, stack(0x000000e743300000,0x000000e743400000)]
  0x000002b61d81cbd0 JavaThread "Unconstrained build operations Thread 11" [_thread_blocked, id=37476, stack(0x000000e743400000,0x000000e743500000)]
  0x000002b61d81c1b0 JavaThread "Unconstrained build operations Thread 12" [_thread_blocked, id=41088, stack(0x000000e743500000,0x000000e743600000)]
  0x000002b61d81c6c0 JavaThread "Unconstrained build operations Thread 13" [_thread_blocked, id=11548, stack(0x000000e743600000,0x000000e743700000)]
  0x000002b61d81d5f0 JavaThread "Unconstrained build operations Thread 14" [_thread_blocked, id=11888, stack(0x000000e743700000,0x000000e743800000)]
  0x000002b61d81bca0 JavaThread "Unconstrained build operations Thread 15" [_thread_blocked, id=30892, stack(0x000000e743800000,0x000000e743900000)]
  0x000002b61d81db00 JavaThread "Unconstrained build operations Thread 16" [_thread_blocked, id=36440, stack(0x000000e743900000,0x000000e743a00000)]
  0x000002b61d81e010 JavaThread "Unconstrained build operations Thread 17" [_thread_blocked, id=41760, stack(0x000000e743a00000,0x000000e743b00000)]
  0x000002b61d81e520 JavaThread "Unconstrained build operations Thread 18" [_thread_blocked, id=40932, stack(0x000000e743b00000,0x000000e743c00000)]
  0x000002b6758306d0 JavaThread "build event listener" [_thread_blocked, id=33648, stack(0x000000e743c00000,0x000000e743d00000)]
  0x000002b67f842100 JavaThread "ForkJoinPool.commonPool-worker-8" daemon [_thread_blocked, id=2372, stack(0x000000e742d00000,0x000000e742e00000)]
  0x000002b61e3db580 JavaThread "ForkJoinPool.commonPool-worker-9" daemon [_thread_blocked, id=28212, stack(0x000000e743d00000,0x000000e743e00000)]
  0x000002b67f842b20 JavaThread "ForkJoinPool.commonPool-worker-10" daemon [_thread_blocked, id=41780, stack(0x000000e743e00000,0x000000e743f00000)]
  0x000002b61d81ea30 JavaThread "ForkJoinPool.commonPool-worker-11" daemon [_thread_blocked, id=35048, stack(0x000000e743f00000,0x000000e744000000)]
  0x000002b61d81ef40 JavaThread "ForkJoinPool.commonPool-worker-12" daemon [_thread_blocked, id=12808, stack(0x000000e744000000,0x000000e744100000)]
  0x000002b61e3dba90 JavaThread "included builds" [_thread_blocked, id=41184, stack(0x000000e744100000,0x000000e744200000)]
  0x000002b67dbf36e0 JavaThread "Execution worker" [_thread_blocked, id=43560, stack(0x000000e744200000,0x000000e744300000)]
  0x000002b67dbf3bf0 JavaThread "Execution worker Thread 2" [_thread_blocked, id=36492, stack(0x000000e744300000,0x000000e744400000)]
  0x000002b67dbf2cc0 JavaThread "Execution worker Thread 3" [_thread_blocked, id=15248, stack(0x000000e744400000,0x000000e744500000)]
  0x000002b67dbf31d0 JavaThread "Execution worker Thread 4" [_thread_blocked, id=41740, stack(0x000000e744500000,0x000000e744600000)]
  0x000002b67dbf4100 JavaThread "Execution worker Thread 5" [_thread_blocked, id=39404, stack(0x000000e744700000,0x000000e744800000)]
  0x000002b67d509940 JavaThread "Execution worker Thread 6" [_thread_blocked, id=40096, stack(0x000000e744900000,0x000000e744a00000)]
  0x000002b67d50a870 JavaThread "Execution worker Thread 7" [_thread_blocked, id=35380, stack(0x000000e744a00000,0x000000e744b00000)]
  0x000002b67d50b7a0 JavaThread "Cache worker for execution history cache (C:\Projects\swapp\node_modules\@react-native\gradle-plugin\.gradle\9.0.0\executionHistory)" [_thread_blocked, id=27740, stack(0x000000e744c00000,0x000000e744d00000)]
  0x000002b61d042a00 JavaThread "Unconstrained build operations Thread 19" [_thread_blocked, id=15864, stack(0x000000e744d00000,0x000000e744e00000)]
  0x000002b61d045280 JavaThread "Unconstrained build operations Thread 20" [_thread_blocked, id=29200, stack(0x000000e744f00000,0x000000e745000000)]
  0x000002b61d044860 JavaThread "Unconstrained build operations Thread 21" [_thread_blocked, id=42456, stack(0x000000e745000000,0x000000e745100000)]
  0x000002b61d045790 JavaThread "Unconstrained build operations Thread 22" [_thread_blocked, id=34748, stack(0x000000e745100000,0x000000e745200000)]
  0x000002b61d044d70 JavaThread "Unconstrained build operations Thread 23" [_thread_blocked, id=40680, stack(0x000000e745200000,0x000000e745300000)]
  0x000002b61bf6e310 JavaThread "Unconstrained build operations Thread 24" [_thread_blocked, id=40808, stack(0x000000e745300000,0x000000e745400000)]
  0x000002b61bf6b070 JavaThread "Unconstrained build operations Thread 25" [_thread_blocked, id=38472, stack(0x000000e745400000,0x000000e745500000)]
  0x000002b67d50bcb0 JavaThread "Unconstrained build operations Thread 26" [_thread_blocked, id=41724, stack(0x000000e745500000,0x000000e745600000)]
  0x000002b67d50ad80 JavaThread "Unconstrained build operations Thread 27" [_thread_blocked, id=40200, stack(0x000000e745600000,0x000000e745700000)]
  0x000002b67d50c1c0 JavaThread "Unconstrained build operations Thread 28" [_thread_blocked, id=6704, stack(0x000000e745700000,0x000000e745800000)]
  0x000002b67d50a360 JavaThread "Unconstrained build operations Thread 29" [_thread_blocked, id=36892, stack(0x000000e745800000,0x000000e745900000)]
  0x000002b67d50b290 JavaThread "Unconstrained build operations Thread 30" [_thread_blocked, id=34960, stack(0x000000e745900000,0x000000e745a00000)]
  0x000002b67d50c6d0 JavaThread "Unconstrained build operations Thread 31" [_thread_blocked, id=35084, stack(0x000000e745a00000,0x000000e745b00000)]
  0x000002b67d50cbe0 JavaThread "Unconstrained build operations Thread 32" [_thread_blocked, id=43136, stack(0x000000e745b00000,0x000000e745c00000)]
  0x000002b67d50d0f0 JavaThread "Unconstrained build operations Thread 33" [_thread_blocked, id=1700, stack(0x000000e745d00000,0x000000e745e00000)]
  0x000002b675833460 JavaThread "Unconstrained build operations Thread 34" [_thread_blocked, id=41688, stack(0x000000e745e00000,0x000000e745f00000)]
  0x000002b675832f50 JavaThread "Unconstrained build operations Thread 35" [_thread_blocked, id=35796, stack(0x000000e745f00000,0x000000e746000000)]
  0x000002b67582fcb0 JavaThread "Unconstrained build operations Thread 36" [_thread_blocked, id=39968, stack(0x000000e746000000,0x000000e746100000)]
  0x000002b675832020 JavaThread "Unconstrained build operations Thread 37" [_thread_blocked, id=40388, stack(0x000000e746100000,0x000000e746200000)]
  0x000002b675830be0 JavaThread "Unconstrained build operations Thread 38" [_thread_blocked, id=42620, stack(0x000000e746200000,0x000000e746300000)]
  0x000002b6758310f0 JavaThread "Unconstrained build operations Thread 39" [_thread_blocked, id=37804, stack(0x000000e746300000,0x000000e746400000)]
  0x000002b675831600 JavaThread "Unconstrained build operations Thread 40" [_thread_blocked, id=6228, stack(0x000000e746400000,0x000000e746500000)]
  0x000002b61e3dbfa0 JavaThread "Unconstrained build operations Thread 41" [_thread_blocked, id=40496, stack(0x000000e73f200000,0x000000e73f300000)]
  0x000002b61e3dc4b0 JavaThread "Unconstrained build operations Thread 42" [_thread_blocked, id=43832, stack(0x000000e73f300000,0x000000e73f400000)]
  0x000002b61e3dc9c0 JavaThread "Unconstrained build operations Thread 43" [_thread_blocked, id=7636, stack(0x000000e746500000,0x000000e746600000)]
  0x000002b61eb94cd0 JavaThread "Unconstrained build operations Thread 44" [_thread_blocked, id=34688, stack(0x000000e746600000,0x000000e746700000)]
  0x000002b61eb947c0 JavaThread "Unconstrained build operations Thread 45" [_thread_blocked, id=40636, stack(0x000000e746700000,0x000000e746800000)]
  0x000002b61eb96620 JavaThread "Unconstrained build operations Thread 46" [_thread_blocked, id=16680, stack(0x000000e746900000,0x000000e746a00000)]
  0x000002b61eb951e0 JavaThread "Unconstrained build operations Thread 47" [_thread_blocked, id=40228, stack(0x000000e746a00000,0x000000e746b00000)]
  0x000002b61eb97f70 JavaThread "Unconstrained build operations Thread 48" [_thread_blocked, id=3580, stack(0x000000e746b00000,0x000000e746c00000)]
  0x000002b61eb95c00 JavaThread "Unconstrained build operations Thread 49" [_thread_blocked, id=24616, stack(0x000000e746c00000,0x000000e746d00000)]
  0x000002b61eb96110 JavaThread "Unconstrained build operations Thread 50" [_thread_blocked, id=9528, stack(0x000000e746d00000,0x000000e746e00000)]
  0x000002b61eb97a60 JavaThread "Unconstrained build operations Thread 51" [_thread_blocked, id=25176, stack(0x000000e746e00000,0x000000e746f00000)]
  0x000002b61eb956f0 JavaThread "Unconstrained build operations Thread 52" [_thread_blocked, id=41792, stack(0x000000e746f00000,0x000000e747000000)]
  0x000002b61eb96b30 JavaThread "Unconstrained build operations Thread 53" [_thread_blocked, id=19228, stack(0x000000e747000000,0x000000e747100000)]
  0x000002b61eb97040 JavaThread "Unconstrained build operations Thread 54" [_thread_blocked, id=40796, stack(0x000000e747100000,0x000000e747200000)]
  0x000002b6758301c0 JavaThread "Unconstrained build operations Thread 55" [_thread_blocked, id=40612, stack(0x000000e747200000,0x000000e747300000)]
  0x000002b675832530 JavaThread "Unconstrained build operations Thread 56" [_thread_blocked, id=38264, stack(0x000000e747300000,0x000000e747400000)]
  0x000002b61beedb10 JavaThread "Unconstrained build operations Thread 57" [_thread_blocked, id=42096, stack(0x000000e747400000,0x000000e747500000)]
  0x000002b61beeb290 JavaThread "Unconstrained build operations Thread 58" [_thread_blocked, id=38192, stack(0x000000e747500000,0x000000e747600000)]
  0x000002b61beed0f0 JavaThread "Unconstrained build operations Thread 59" [_thread_blocked, id=32296, stack(0x000000e747600000,0x000000e747700000)]
  0x000002b61beead80 JavaThread "Unconstrained build operations Thread 60" [_thread_blocked, id=37524, stack(0x000000e747700000,0x000000e747800000)]
  0x000002b61beea870 JavaThread "Unconstrained build operations Thread 61" [_thread_blocked, id=36996, stack(0x000000e747800000,0x000000e747900000)]
  0x000002b61eb97550 JavaThread "build event listener" [_thread_blocked, id=39880, stack(0x000000e747900000,0x000000e747a00000)]
  0x000002b61e7c5bb0 JavaThread "Problems report writer" [_thread_blocked, id=35132, stack(0x000000e747a00000,0x000000e747b00000)]
  0x000002b61beeb7a0 JavaThread "Unconstrained build operations Thread 62" [_thread_blocked, id=34524, stack(0x000000e747b00000,0x000000e747c00000)]
  0x000002b61beebcb0 JavaThread "Unconstrained build operations Thread 63" [_thread_blocked, id=36788, stack(0x000000e747c00000,0x000000e747d00000)]
  0x000002b61beee020 JavaThread "Unconstrained build operations Thread 64" [_thread_blocked, id=43368, stack(0x000000e747d00000,0x000000e747e00000)]
  0x000002b61beec1c0 JavaThread "Unconstrained build operations Thread 65" [_thread_blocked, id=28952, stack(0x000000e747e00000,0x000000e747f00000)]
  0x000002b61beec6d0 JavaThread "Unconstrained build operations Thread 66" [_thread_blocked, id=37232, stack(0x000000e747f00000,0x000000e748000000)]
  0x000002b61beecbe0 JavaThread "Unconstrained build operations Thread 67" [_thread_blocked, id=42064, stack(0x000000e748000000,0x000000e748100000)]
  0x000002b61beed600 JavaThread "Unconstrained build operations Thread 68" [_thread_blocked, id=41856, stack(0x000000e748100000,0x000000e748200000)]
  0x000002b61e065e70 JavaThread "Unconstrained build operations Thread 69" [_thread_blocked, id=39012, stack(0x000000e748200000,0x000000e748300000)]
  0x000002b61e064a30 JavaThread "Unconstrained build operations Thread 70" [_thread_blocked, id=43656, stack(0x000000e748300000,0x000000e748400000)]
  0x000002b61e0635f0 JavaThread "Unconstrained build operations Thread 71" [_thread_blocked, id=34896, stack(0x000000e748400000,0x000000e748500000)]
  0x000002b61e066380 JavaThread "Unconstrained build operations Thread 72" [_thread_blocked, id=36244, stack(0x000000e748600000,0x000000e748700000)]
  0x000002b61e066890 JavaThread "Unconstrained build operations Thread 73" [_thread_blocked, id=40780, stack(0x000000e748700000,0x000000e748800000)]
  0x000002b61e066da0 JavaThread "Unconstrained build operations Thread 74" [_thread_blocked, id=43856, stack(0x000000e748800000,0x000000e748900000)]
  0x000002b61e064010 JavaThread "Unconstrained build operations Thread 75" [_thread_blocked, id=36296, stack(0x000000e748900000,0x000000e748a00000)]
  0x000002b61d81f450 JavaThread "Unconstrained build operations Thread 76" [_thread_blocked, id=40516, stack(0x000000e748a00000,0x000000e748b00000)]
  0x000002b61d5daaa0 JavaThread "Unconstrained build operations Thread 77" [_thread_blocked, id=43716, stack(0x000000e748b00000,0x000000e748c00000)]
  0x000002b61d5d7800 JavaThread "Unconstrained build operations Thread 78" [_thread_blocked, id=21188, stack(0x000000e748c00000,0x000000e748d00000)]
  0x000002b61d5d8220 JavaThread "Unconstrained build operations Thread 79" [_thread_blocked, id=19236, stack(0x000000e748d00000,0x000000e748e00000)]
  0x000002b61d5d72f0 JavaThread "Unconstrained build operations Thread 80" [_thread_blocked, id=25800, stack(0x000000e748e00000,0x000000e748f00000)]
  0x000002b61e7c56a0 JavaThread "Exec process Thread 4" [_thread_blocked, id=13916, stack(0x000000e745c00000,0x000000e745d00000)]
  0x000002b674a807b0 JavaThread "Exec process Thread 5" [_thread_blocked, id=36544, stack(0x000000e748f00000,0x000000e749000000)]
  0x000002b674a84e90 JavaThread "Exec process Thread 6" [_thread_blocked, id=15016, stack(0x000000e749100000,0x000000e749200000)]
  0x000002b61c435470 JavaThread "C2 CompilerThread1" daemon [_thread_blocked, id=34044, stack(0x000000e742c00000,0x000000e742d00000)]
  0x000002b61c436f00 JavaThread "C2 CompilerThread2" daemon [_thread_blocked, id=33864, stack(0x000000e749200000,0x000000e749300000)]

Other Threads:
=>0x000002b66c70c390 VMThread "VM Thread" [stack: 0x000000e73fb00000,0x000000e73fc00000] [id=7784]
  0x000002b64e2052b0 WatcherThread [stack: 0x000000e740700000,0x000000e740800000] [id=33876]
  0x000002b64e25fe10 GCTaskThread "GC Thread#0" [stack: 0x000000e73f600000,0x000000e73f700000] [id=38880]
  0x000002b66cafcb00 GCTaskThread "GC Thread#1" [stack: 0x000000e740a00000,0x000000e740b00000] [id=39124]
  0x000002b6710e1a10 GCTaskThread "GC Thread#2" [stack: 0x000000e740b00000,0x000000e740c00000] [id=17560]
  0x000002b6711be1d0 GCTaskThread "GC Thread#3" [stack: 0x000000e740c00000,0x000000e740d00000] [id=36728]
  0x000002b6711be490 GCTaskThread "GC Thread#4" [stack: 0x000000e740d00000,0x000000e740e00000] [id=35660]
  0x000002b6711be750 GCTaskThread "GC Thread#5" [stack: 0x000000e740e00000,0x000000e740f00000] [id=42140]
  0x000002b671c52460 GCTaskThread "GC Thread#6" [stack: 0x000000e741b00000,0x000000e741c00000] [id=40084]
  0x000002b671c53220 GCTaskThread "GC Thread#7" [stack: 0x000000e741c00000,0x000000e741d00000] [id=34396]
  0x000002b64e270c70 ConcurrentGCThread "G1 Main Marker" [stack: 0x000000e73f700000,0x000000e73f800000] [id=43016]
  0x000002b64e2715a0 ConcurrentGCThread "G1 Conc#0" [stack: 0x000000e73f800000,0x000000e73f900000] [id=13744]
  0x000002b671c537a0 ConcurrentGCThread "G1 Conc#1" [stack: 0x000000e741d00000,0x000000e741e00000] [id=41516]
  0x000002b64e2ae6b0 ConcurrentGCThread "G1 Refine#0" [stack: 0x000000e73f900000,0x000000e73fa00000] [id=41096]
  0x000002b671e30f80 ConcurrentGCThread "G1 Refine#1" [stack: 0x000000e742400000,0x000000e742500000] [id=24988]
  0x000002b66c5c5370 ConcurrentGCThread "G1 Service" [stack: 0x000000e73fa00000,0x000000e73fb00000] [id=43492]

Threads with active compile tasks:
C2 CompilerThread0   411545 28785       4       org.codehaus.groovy.runtime.DefaultGroovyMethods::any (42 bytes)
C2 CompilerThread1   411545 28784       4       org.codehaus.groovy.runtime.dgm$14::doMethodInvoke (23 bytes)

VM state: at safepoint (normal execution)

VM Mutex/Monitor currently owned by a thread:  ([mutex/lock_event])
[0x000002b64e1ff9d0] Threads_lock - owner thread: 0x000002b66c70c390
[0x000002b64e200bd0] Heap_lock - owner thread: 0x000002b64e270c70

Heap address: 0x0000000080000000, size: 2048 MB, Compressed Oops mode: 32-bit

CDS archive(s) mapped at: [0x000002b600000000-0x000002b600bb0000-0x000002b600bb0000), size 12255232, SharedBaseAddress: 0x000002b600000000, ArchiveRelocationMode: 1.
Compressed class space mapped at: 0x000002b601000000-0x000002b61b000000, reserved size: 436207616
Narrow klass base: 0x000002b600000000, Narrow klass shift: 0, Narrow klass range: 0x100000000

GC Precious Log:
 CPUs: 8 total, 8 available
 Memory: 16107M
 Large Page Support: Disabled
 NUMA Support: Disabled
 Compressed Oops: Enabled (32-bit)
 Heap Region Size: 1M
 Heap Min Capacity: 8M
 Heap Initial Capacity: 252M
 Heap Max Capacity: 2G
 Pre-touch: Disabled
 Parallel Workers: 8
 Concurrent Workers: 2
 Concurrent Refinement Workers: 8
 Periodic GC: Disabled

Heap:
 garbage-first heap   total 620544K, used 581077K [0x0000000080000000, 0x0000000100000000)
  region size 1024K, 22 young (22528K), 4 survivors (4096K)
 Metaspace       used 144974K, committed 148096K, reserved 557056K
  class space    used 19480K, committed 20928K, reserved 425984K

Heap Regions: E=young(eden), S=young(survivor), O=old, HS=humongous(starts), HC=humongous(continues), CS=collection set, F=free, OA=open archive, CA=closed archive, TAMS=top-at-mark-start (previous, next)
|   0|0x0000000080000000, 0x0000000080100000, 0x0000000080100000|100%|HS|  |TAMS 0x0000000080100000, 0x0000000080000000| Complete 
|   1|0x0000000080100000, 0x0000000080200000, 0x0000000080200000|100%|HC|  |TAMS 0x0000000080200000, 0x0000000080100000| Complete 
|   2|0x0000000080200000, 0x0000000080300000, 0x0000000080300000|100%|HC|  |TAMS 0x0000000080300000, 0x0000000080200000| Complete 
|   3|0x0000000080300000, 0x0000000080400000, 0x0000000080400000|100%| O|  |TAMS 0x0000000080400000, 0x0000000080300000| Untracked 
|   4|0x0000000080400000, 0x0000000080500000, 0x0000000080500000|100%| O|  |TAMS 0x0000000080500000, 0x0000000080400000| Untracked 
|   5|0x0000000080500000, 0x0000000080600000, 0x0000000080600000|100%| O|  |TAMS 0x0000000080600000, 0x0000000080500000| Untracked 
|   6|0x0000000080600000, 0x0000000080700000, 0x0000000080700000|100%|HS|  |TAMS 0x0000000080700000, 0x0000000080600000| Complete 
|   7|0x0000000080700000, 0x0000000080800000, 0x0000000080800000|100%| O|  |TAMS 0x0000000080800000, 0x0000000080700000| Untracked 
|   8|0x0000000080800000, 0x0000000080900000, 0x0000000080900000|100%| O|  |TAMS 0x0000000080900000, 0x0000000080800000| Untracked 
|   9|0x0000000080900000, 0x0000000080a00000, 0x0000000080a00000|100%| O|  |TAMS 0x0000000080a00000, 0x0000000080900000| Updating 
|  10|0x0000000080a00000, 0x0000000080b00000, 0x0000000080b00000|100%| O|  |TAMS 0x0000000080b00000, 0x0000000080a00000| Untracked 
|  11|0x0000000080b00000, 0x0000000080c00000, 0x0000000080c00000|100%| O|  |TAMS 0x0000000080c00000, 0x0000000080b00000| Untracked 
|  12|0x0000000080c00000, 0x0000000080d00000, 0x0000000080d00000|100%| O|  |TAMS 0x0000000080d00000, 0x0000000080c00000| Updating 
|  13|0x0000000080d00000, 0x0000000080e00000, 0x0000000080e00000|100%| O|  |TAMS 0x0000000080e00000, 0x0000000080d00000| Updating 
|  14|0x0000000080e00000, 0x0000000080f00000, 0x0000000080f00000|100%| O|  |TAMS 0x0000000080f00000, 0x0000000080e00000| Untracked 
|  15|0x0000000080f00000, 0x0000000081000000, 0x0000000081000000|100%| O|  |TAMS 0x0000000081000000, 0x0000000080f00000| Untracked 
|  16|0x0000000081000000, 0x0000000081100000, 0x0000000081100000|100%| O|  |TAMS 0x0000000081100000, 0x0000000081000000| Untracked 
|  17|0x0000000081100000, 0x0000000081200000, 0x0000000081200000|100%| O|  |TAMS 0x0000000081200000, 0x0000000081100000| Untracked 
|  18|0x0000000081200000, 0x0000000081300000, 0x0000000081300000|100%| O|  |TAMS 0x0000000081300000, 0x0000000081200000| Untracked 
|  19|0x0000000081300000, 0x0000000081400000, 0x0000000081400000|100%| O|  |TAMS 0x0000000081400000, 0x0000000081300000| Untracked 
|  20|0x0000000081400000, 0x0000000081500000, 0x0000000081500000|100%| O|  |TAMS 0x0000000081500000, 0x0000000081400000| Untracked 
|  21|0x0000000081500000, 0x0000000081600000, 0x0000000081600000|100%| O|  |TAMS 0x0000000081600000, 0x0000000081500000| Untracked 
|  22|0x0000000081600000, 0x0000000081700000, 0x0000000081700000|100%| O|  |TAMS 0x0000000081700000, 0x0000000081600000| Untracked 
|  23|0x0000000081700000, 0x0000000081800000, 0x0000000081800000|100%| O|  |TAMS 0x0000000081800000, 0x0000000081700000| Untracked 
|  24|0x0000000081800000, 0x0000000081900000, 0x0000000081900000|100%| O|  |TAMS 0x0000000081900000, 0x0000000081800000| Untracked 
|  25|0x0000000081900000, 0x0000000081a00000, 0x0000000081a00000|100%| O|  |TAMS 0x0000000081a00000, 0x0000000081900000| Updating 
|  26|0x0000000081a00000, 0x0000000081b00000, 0x0000000081b00000|100%| O|  |TAMS 0x0000000081b00000, 0x0000000081a00000| Untracked 
|  27|0x0000000081b00000, 0x0000000081c00000, 0x0000000081c00000|100%| O|  |TAMS 0x0000000081c00000, 0x0000000081b00000| Untracked 
|  28|0x0000000081c00000, 0x0000000081d00000, 0x0000000081d00000|100%| O|  |TAMS 0x0000000081d00000, 0x0000000081c00000| Updating 
|  29|0x0000000081d00000, 0x0000000081e00000, 0x0000000081e00000|100%| O|  |TAMS 0x0000000081e00000, 0x0000000081d00000| Updating 
|  30|0x0000000081e00000, 0x0000000081f00000, 0x0000000081f00000|100%| O|  |TAMS 0x0000000081f00000, 0x0000000081e00000| Updating 
|  31|0x0000000081f00000, 0x0000000082000000, 0x0000000082000000|100%| O|  |TAMS 0x0000000082000000, 0x0000000081f00000| Updating 
|  32|0x0000000082000000, 0x0000000082100000, 0x0000000082100000|100%| O|  |TAMS 0x0000000082100000, 0x0000000082000000| Updating 
|  33|0x0000000082100000, 0x0000000082200000, 0x0000000082200000|100%| O|  |TAMS 0x0000000082200000, 0x0000000082100000| Untracked 
|  34|0x0000000082200000, 0x0000000082300000, 0x0000000082300000|100%| O|  |TAMS 0x0000000082300000, 0x0000000082200000| Untracked 
|  35|0x0000000082300000, 0x0000000082400000, 0x0000000082400000|100%| O|  |TAMS 0x0000000082400000, 0x0000000082300000| Updating 
|  36|0x0000000082400000, 0x0000000082500000, 0x0000000082500000|100%| O|  |TAMS 0x0000000082500000, 0x0000000082400000| Untracked 
|  37|0x0000000082500000, 0x0000000082600000, 0x0000000082600000|100%| O|  |TAMS 0x0000000082600000, 0x0000000082500000| Updating 
|  38|0x0000000082600000, 0x0000000082700000, 0x0000000082700000|100%| O|  |TAMS 0x0000000082700000, 0x0000000082600000| Updating 
|  39|0x0000000082700000, 0x0000000082800000, 0x0000000082800000|100%| O|  |TAMS 0x0000000082800000, 0x0000000082700000| Updating 
|  40|0x0000000082800000, 0x0000000082900000, 0x0000000082900000|100%| O|  |TAMS 0x0000000082900000, 0x0000000082800000| Updating 
|  41|0x0000000082900000, 0x0000000082a00000, 0x0000000082a00000|100%| O|  |TAMS 0x0000000082a00000, 0x0000000082900000| Updating 
|  42|0x0000000082a00000, 0x0000000082b00000, 0x0000000082b00000|100%| O|  |TAMS 0x0000000082b00000, 0x0000000082a00000| Updating 
|  43|0x0000000082b00000, 0x0000000082c00000, 0x0000000082c00000|100%| O|  |TAMS 0x0000000082c00000, 0x0000000082b00000| Updating 
|  44|0x0000000082c00000, 0x0000000082d00000, 0x0000000082d00000|100%|HS|  |TAMS 0x0000000082d00000, 0x0000000082c00000| Complete 
|  45|0x0000000082d00000, 0x0000000082e00000, 0x0000000082e00000|100%|HC|  |TAMS 0x0000000082e00000, 0x0000000082d00000| Complete 
|  46|0x0000000082e00000, 0x0000000082f00000, 0x0000000082f00000|100%|HC|  |TAMS 0x0000000082f00000, 0x0000000082e00000| Complete 
|  47|0x0000000082f00000, 0x0000000083000000, 0x0000000083000000|100%|HS|  |TAMS 0x0000000083000000, 0x0000000082f00000| Complete 
|  48|0x0000000083000000, 0x0000000083100000, 0x0000000083100000|100%|HC|  |TAMS 0x0000000083100000, 0x0000000083000000| Complete 
|  49|0x0000000083100000, 0x0000000083200000, 0x0000000083200000|100%|HC|  |TAMS 0x0000000083200000, 0x0000000083100000| Complete 
|  50|0x0000000083200000, 0x0000000083300000, 0x0000000083300000|100%| O|  |TAMS 0x0000000083300000, 0x0000000083200000| Updating 
|  51|0x0000000083300000, 0x0000000083400000, 0x0000000083400000|100%| O|  |TAMS 0x0000000083400000, 0x0000000083300000| Updating 
|  52|0x0000000083400000, 0x0000000083500000, 0x0000000083500000|100%| O|  |TAMS 0x0000000083500000, 0x0000000083400000| Updating 
|  53|0x0000000083500000, 0x0000000083600000, 0x0000000083600000|100%| O|  |TAMS 0x0000000083600000, 0x0000000083500000| Updating 
|  54|0x0000000083600000, 0x0000000083700000, 0x0000000083700000|100%| O|  |TAMS 0x0000000083700000, 0x0000000083600000| Updating 
|  55|0x0000000083700000, 0x0000000083800000, 0x0000000083800000|100%| O|  |TAMS 0x0000000083800000, 0x0000000083700000| Updating 
|  56|0x0000000083800000, 0x0000000083900000, 0x0000000083900000|100%| O|  |TAMS 0x0000000083900000, 0x0000000083800000| Updating 
|  57|0x0000000083900000, 0x0000000083a00000, 0x0000000083a00000|100%| O|  |TAMS 0x0000000083a00000, 0x0000000083900000| Updating 
|  58|0x0000000083a00000, 0x0000000083b00000, 0x0000000083b00000|100%| O|  |TAMS 0x0000000083b00000, 0x0000000083a00000| Updating 
|  59|0x0000000083b00000, 0x0000000083c00000, 0x0000000083c00000|100%| O|  |TAMS 0x0000000083c00000, 0x0000000083b00000| Updating 
|  60|0x0000000083c00000, 0x0000000083d00000, 0x0000000083d00000|100%| O|  |TAMS 0x0000000083d00000, 0x0000000083c00000| Untracked 
|  61|0x0000000083d00000, 0x0000000083e00000, 0x0000000083e00000|100%| O|  |TAMS 0x0000000083e00000, 0x0000000083d00000| Untracked 
|  62|0x0000000083e00000, 0x0000000083f00000, 0x0000000083f00000|100%| O|  |TAMS 0x0000000083f00000, 0x0000000083e00000| Updating 
|  63|0x0000000083f00000, 0x0000000084000000, 0x0000000084000000|100%| O|  |TAMS 0x0000000084000000, 0x0000000083f00000| Updating 
|  64|0x0000000084000000, 0x0000000084100000, 0x0000000084100000|100%| O|  |TAMS 0x0000000084100000, 0x0000000084000000| Updating 
|  65|0x0000000084100000, 0x0000000084200000, 0x0000000084200000|100%| O|  |TAMS 0x0000000084200000, 0x0000000084100000| Updating 
|  66|0x0000000084200000, 0x0000000084300000, 0x0000000084300000|100%| O|  |TAMS 0x0000000084300000, 0x0000000084200000| Updating 
|  67|0x0000000084300000, 0x0000000084400000, 0x0000000084400000|100%| O|  |TAMS 0x0000000084400000, 0x0000000084300000| Updating 
|  68|0x0000000084400000, 0x0000000084500000, 0x0000000084500000|100%| O|  |TAMS 0x0000000084500000, 0x0000000084400000| Updating 
|  69|0x0000000084500000, 0x0000000084600000, 0x0000000084600000|100%| O|  |TAMS 0x0000000084600000, 0x0000000084500000| Updating 
|  70|0x0000000084600000, 0x0000000084700000, 0x0000000084700000|100%| O|  |TAMS 0x0000000084700000, 0x0000000084600000| Updating 
|  71|0x0000000084700000, 0x0000000084800000, 0x0000000084800000|100%| O|  |TAMS 0x0000000084800000, 0x0000000084700000| Updating 
|  72|0x0000000084800000, 0x0000000084900000, 0x0000000084900000|100%| O|  |TAMS 0x0000000084900000, 0x0000000084800000| Updating 
|  73|0x0000000084900000, 0x0000000084a00000, 0x0000000084a00000|100%| O|  |TAMS 0x0000000084a00000, 0x0000000084900000| Updating 
|  74|0x0000000084a00000, 0x0000000084b00000, 0x0000000084b00000|100%| O|  |TAMS 0x0000000084b00000, 0x0000000084a00000| Updating 
|  75|0x0000000084b00000, 0x0000000084c00000, 0x0000000084c00000|100%| O|  |TAMS 0x0000000084c00000, 0x0000000084b00000| Updating 
|  76|0x0000000084c00000, 0x0000000084d00000, 0x0000000084d00000|100%| O|  |TAMS 0x0000000084d00000, 0x0000000084c00000| Updating 
|  77|0x0000000084d00000, 0x0000000084e00000, 0x0000000084e00000|100%|HS|  |TAMS 0x0000000084e00000, 0x0000000084d00000| Complete 
|  78|0x0000000084e00000, 0x0000000084f00000, 0x0000000084f00000|100%| O|  |TAMS 0x0000000084f00000, 0x0000000084e00000| Updating 
|  79|0x0000000084f00000, 0x0000000085000000, 0x0000000085000000|100%| O|  |TAMS 0x0000000085000000, 0x0000000084f00000| Updating 
|  80|0x0000000085000000, 0x0000000085100000, 0x0000000085100000|100%| O|  |TAMS 0x0000000085100000, 0x0000000085000000| Updating 
|  81|0x0000000085100000, 0x0000000085200000, 0x0000000085200000|100%|HS|  |TAMS 0x0000000085200000, 0x0000000085100000| Complete 
|  82|0x0000000085200000, 0x0000000085300000, 0x0000000085300000|100%|HS|  |TAMS 0x0000000085300000, 0x0000000085200000| Complete 
|  83|0x0000000085300000, 0x0000000085400000, 0x0000000085400000|100%|HS|  |TAMS 0x0000000085400000, 0x0000000085300000| Complete 
|  84|0x0000000085400000, 0x0000000085500000, 0x0000000085500000|100%|HS|  |TAMS 0x0000000085500000, 0x0000000085400000| Complete 
|  85|0x0000000085500000, 0x0000000085600000, 0x0000000085600000|100%| O|  |TAMS 0x0000000085600000, 0x0000000085500000| Updating 
|  86|0x0000000085600000, 0x0000000085700000, 0x0000000085700000|100%|HS|  |TAMS 0x0000000085700000, 0x0000000085600000| Complete 
|  87|0x0000000085700000, 0x0000000085800000, 0x0000000085800000|100%|HS|  |TAMS 0x0000000085800000, 0x0000000085700000| Complete 
|  88|0x0000000085800000, 0x0000000085900000, 0x0000000085900000|100%|HS|  |TAMS 0x0000000085900000, 0x0000000085800000| Complete 
|  89|0x0000000085900000, 0x0000000085a00000, 0x0000000085a00000|100%| O|  |TAMS 0x0000000085a00000, 0x0000000085900000| Updating 
|  90|0x0000000085a00000, 0x0000000085b00000, 0x0000000085b00000|100%| O|  |TAMS 0x0000000085b00000, 0x0000000085a00000| Updating 
|  91|0x0000000085b00000, 0x0000000085c00000, 0x0000000085c00000|100%| O|  |TAMS 0x0000000085c00000, 0x0000000085b00000| Untracked 
|  92|0x0000000085c00000, 0x0000000085d00000, 0x0000000085d00000|100%| O|  |TAMS 0x0000000085d00000, 0x0000000085c00000| Updating 
|  93|0x0000000085d00000, 0x0000000085e00000, 0x0000000085e00000|100%| O|  |TAMS 0x0000000085e00000, 0x0000000085d00000| Untracked 
|  94|0x0000000085e00000, 0x0000000085f00000, 0x0000000085f00000|100%| O|  |TAMS 0x0000000085f00000, 0x0000000085e00000| Updating 
|  95|0x0000000085f00000, 0x0000000086000000, 0x0000000086000000|100%| O|  |TAMS 0x0000000086000000, 0x0000000085f00000| Untracked 
|  96|0x0000000086000000, 0x0000000086100000, 0x0000000086100000|100%| O|  |TAMS 0x0000000086100000, 0x0000000086000000| Untracked 
|  97|0x0000000086100000, 0x0000000086200000, 0x0000000086200000|100%| O|  |TAMS 0x0000000086200000, 0x0000000086100000| Updating 
|  98|0x0000000086200000, 0x0000000086300000, 0x0000000086300000|100%| O|  |TAMS 0x0000000086300000, 0x0000000086200000| Updating 
|  99|0x0000000086300000, 0x0000000086400000, 0x0000000086400000|100%| O|  |TAMS 0x0000000086400000, 0x0000000086300000| Untracked 
| 100|0x0000000086400000, 0x0000000086500000, 0x0000000086500000|100%| O|  |TAMS 0x0000000086500000, 0x0000000086400000| Untracked 
| 101|0x0000000086500000, 0x0000000086600000, 0x0000000086600000|100%| O|  |TAMS 0x0000000086600000, 0x0000000086500000| Untracked 
| 102|0x0000000086600000, 0x0000000086700000, 0x0000000086700000|100%| O|  |TAMS 0x0000000086700000, 0x0000000086600000| Untracked 
| 103|0x0000000086700000, 0x0000000086800000, 0x0000000086800000|100%|HS|  |TAMS 0x0000000086800000, 0x0000000086700000| Complete 
| 104|0x0000000086800000, 0x0000000086900000, 0x0000000086900000|100%| O|  |TAMS 0x0000000086900000, 0x0000000086800000| Updating 
| 105|0x0000000086900000, 0x0000000086a00000, 0x0000000086a00000|100%| O|  |TAMS 0x0000000086a00000, 0x0000000086900000| Untracked 
| 106|0x0000000086a00000, 0x0000000086b00000, 0x0000000086b00000|100%|HS|  |TAMS 0x0000000086b00000, 0x0000000086a00000| Complete 
| 107|0x0000000086b00000, 0x0000000086c00000, 0x0000000086c00000|100%|HC|  |TAMS 0x0000000086c00000, 0x0000000086b00000| Complete 
| 108|0x0000000086c00000, 0x0000000086d00000, 0x0000000086d00000|100%|HC|  |TAMS 0x0000000086d00000, 0x0000000086c00000| Complete 
| 109|0x0000000086d00000, 0x0000000086e00000, 0x0000000086e00000|100%| O|  |TAMS 0x0000000086e00000, 0x0000000086d00000| Updating 
| 110|0x0000000086e00000, 0x0000000086f00000, 0x0000000086f00000|100%| O|  |TAMS 0x0000000086f00000, 0x0000000086e00000| Updating 
| 111|0x0000000086f00000, 0x0000000087000000, 0x0000000087000000|100%| O|  |TAMS 0x0000000087000000, 0x0000000086f00000| Updating 
| 112|0x0000000087000000, 0x0000000087100000, 0x0000000087100000|100%| O|  |TAMS 0x0000000087100000, 0x0000000087000000| Updating 
| 113|0x0000000087100000, 0x0000000087200000, 0x0000000087200000|100%| O|  |TAMS 0x0000000087200000, 0x0000000087100000| Updating 
| 114|0x0000000087200000, 0x0000000087300000, 0x0000000087300000|100%| O|  |TAMS 0x0000000087300000, 0x0000000087200000| Untracked 
| 115|0x0000000087300000, 0x0000000087400000, 0x0000000087400000|100%| O|  |TAMS 0x0000000087400000, 0x0000000087300000| Updating 
| 116|0x0000000087400000, 0x0000000087500000, 0x0000000087500000|100%| O|  |TAMS 0x0000000087500000, 0x0000000087400000| Updating 
| 117|0x0000000087500000, 0x0000000087600000, 0x0000000087600000|100%| O|  |TAMS 0x0000000087600000, 0x0000000087500000| Updating 
| 118|0x0000000087600000, 0x0000000087700000, 0x0000000087700000|100%| O|  |TAMS 0x0000000087700000, 0x0000000087600000| Updating 
| 119|0x0000000087700000, 0x0000000087800000, 0x0000000087800000|100%| O|  |TAMS 0x0000000087800000, 0x0000000087700000| Updating 
| 120|0x0000000087800000, 0x0000000087900000, 0x0000000087900000|100%| O|  |TAMS 0x0000000087900000, 0x0000000087800000| Updating 
| 121|0x0000000087900000, 0x0000000087a00000, 0x0000000087a00000|100%| O|  |TAMS 0x0000000087a00000, 0x0000000087900000| Untracked 
| 122|0x0000000087a00000, 0x0000000087b00000, 0x0000000087b00000|100%| O|  |TAMS 0x0000000087b00000, 0x0000000087a00000| Updating 
| 123|0x0000000087b00000, 0x0000000087c00000, 0x0000000087c00000|100%| O|  |TAMS 0x0000000087c00000, 0x0000000087b00000| Updating 
| 124|0x0000000087c00000, 0x0000000087d00000, 0x0000000087d00000|100%| O|  |TAMS 0x0000000087d00000, 0x0000000087c00000| Updating 
| 125|0x0000000087d00000, 0x0000000087e00000, 0x0000000087e00000|100%| O|  |TAMS 0x0000000087e00000, 0x0000000087d00000| Updating 
| 126|0x0000000087e00000, 0x0000000087f00000, 0x0000000087f00000|100%| O|  |TAMS 0x0000000087f00000, 0x0000000087e00000| Updating 
| 127|0x0000000087f00000, 0x0000000088000000, 0x0000000088000000|100%| O|  |TAMS 0x0000000088000000, 0x0000000087f00000| Updating 
| 128|0x0000000088000000, 0x0000000088100000, 0x0000000088100000|100%| O|  |TAMS 0x0000000088100000, 0x0000000088000000| Updating 
| 129|0x0000000088100000, 0x0000000088200000, 0x0000000088200000|100%| O|  |TAMS 0x0000000088200000, 0x0000000088100000| Updating 
| 130|0x0000000088200000, 0x0000000088300000, 0x0000000088300000|100%| O|  |TAMS 0x0000000088300000, 0x0000000088200000| Updating 
| 131|0x0000000088300000, 0x0000000088400000, 0x0000000088400000|100%| O|  |TAMS 0x0000000088400000, 0x0000000088300000| Updating 
| 132|0x0000000088400000, 0x0000000088500000, 0x0000000088500000|100%| O|  |TAMS 0x0000000088500000, 0x0000000088400000| Updating 
| 133|0x0000000088500000, 0x0000000088600000, 0x0000000088600000|100%| O|  |TAMS 0x0000000088600000, 0x0000000088500000| Updating 
| 134|0x0000000088600000, 0x0000000088700000, 0x0000000088700000|100%| O|  |TAMS 0x0000000088700000, 0x0000000088600000| Updating 
| 135|0x0000000088700000, 0x0000000088800000, 0x0000000088800000|100%| O|  |TAMS 0x0000000088800000, 0x0000000088700000| Untracked 
| 136|0x0000000088800000, 0x0000000088900000, 0x0000000088900000|100%| O|  |TAMS 0x0000000088900000, 0x0000000088800000| Untracked 
| 137|0x0000000088900000, 0x0000000088a00000, 0x0000000088a00000|100%| O|  |TAMS 0x0000000088a00000, 0x0000000088900000| Untracked 
| 138|0x0000000088a00000, 0x0000000088b00000, 0x0000000088b00000|100%| O|  |TAMS 0x0000000088b00000, 0x0000000088a00000| Updating 
| 139|0x0000000088b00000, 0x0000000088c00000, 0x0000000088c00000|100%| O|  |TAMS 0x0000000088c00000, 0x0000000088b00000| Updating 
| 140|0x0000000088c00000, 0x0000000088d00000, 0x0000000088d00000|100%| O|  |TAMS 0x0000000088d00000, 0x0000000088c00000| Updating 
| 141|0x0000000088d00000, 0x0000000088e00000, 0x0000000088e00000|100%| O|  |TAMS 0x0000000088e00000, 0x0000000088d00000| Updating 
| 142|0x0000000088e00000, 0x0000000088f00000, 0x0000000088f00000|100%| O|  |TAMS 0x0000000088f00000, 0x0000000088e00000| Updating 
| 143|0x0000000088f00000, 0x0000000089000000, 0x0000000089000000|100%| O|  |TAMS 0x0000000089000000, 0x0000000088f00000| Updating 
| 144|0x0000000089000000, 0x0000000089100000, 0x0000000089100000|100%| O|  |TAMS 0x0000000089100000, 0x0000000089000000| Updating 
| 145|0x0000000089100000, 0x0000000089200000, 0x0000000089200000|100%| O|  |TAMS 0x0000000089200000, 0x0000000089100000| Updating 
| 146|0x0000000089200000, 0x0000000089300000, 0x0000000089300000|100%| O|  |TAMS 0x0000000089300000, 0x0000000089200000| Updating 
| 147|0x0000000089300000, 0x0000000089400000, 0x0000000089400000|100%| O|  |TAMS 0x0000000089400000, 0x0000000089300000| Updating 
| 148|0x0000000089400000, 0x0000000089500000, 0x0000000089500000|100%|HS|  |TAMS 0x0000000089500000, 0x0000000089400000| Complete 
| 149|0x0000000089500000, 0x0000000089600000, 0x0000000089600000|100%|HS|  |TAMS 0x0000000089600000, 0x0000000089500000| Complete 
| 150|0x0000000089600000, 0x0000000089700000, 0x0000000089700000|100%|HS|  |TAMS 0x0000000089700000, 0x0000000089600000| Complete 
| 151|0x0000000089700000, 0x0000000089800000, 0x0000000089800000|100%|HC|  |TAMS 0x0000000089800000, 0x0000000089700000| Complete 
| 152|0x0000000089800000, 0x0000000089900000, 0x0000000089900000|100%|HS|  |TAMS 0x0000000089900000, 0x0000000089800000| Complete 
| 153|0x0000000089900000, 0x0000000089a00000, 0x0000000089a00000|100%|HS|  |TAMS 0x0000000089a00000, 0x0000000089900000| Complete 
| 154|0x0000000089a00000, 0x0000000089b00000, 0x0000000089b00000|100%|HS|  |TAMS 0x0000000089b00000, 0x0000000089a00000| Complete 
| 155|0x0000000089b00000, 0x0000000089c00000, 0x0000000089c00000|100%|HS|  |TAMS 0x0000000089c00000, 0x0000000089b00000| Complete 
| 156|0x0000000089c00000, 0x0000000089d00000, 0x0000000089d00000|100%|HS|  |TAMS 0x0000000089d00000, 0x0000000089c00000| Complete 
| 157|0x0000000089d00000, 0x0000000089e00000, 0x0000000089e00000|100%|HS|  |TAMS 0x0000000089e00000, 0x0000000089d00000| Complete 
| 158|0x0000000089e00000, 0x0000000089f00000, 0x0000000089f00000|100%|HS|  |TAMS 0x0000000089f00000, 0x0000000089e00000| Complete 
| 159|0x0000000089f00000, 0x000000008a000000, 0x000000008a000000|100%| O|  |TAMS 0x000000008a000000, 0x0000000089f00000| Updating 
| 160|0x000000008a000000, 0x000000008a100000, 0x000000008a100000|100%| O|  |TAMS 0x000000008a100000, 0x000000008a000000| Updating 
| 161|0x000000008a100000, 0x000000008a200000, 0x000000008a200000|100%| O|  |TAMS 0x000000008a200000, 0x000000008a100000| Updating 
| 162|0x000000008a200000, 0x000000008a300000, 0x000000008a300000|100%| O|  |TAMS 0x000000008a300000, 0x000000008a200000| Updating 
| 163|0x000000008a300000, 0x000000008a400000, 0x000000008a400000|100%| O|  |TAMS 0x000000008a400000, 0x000000008a300000| Untracked 
| 164|0x000000008a400000, 0x000000008a500000, 0x000000008a500000|100%| O|  |TAMS 0x000000008a500000, 0x000000008a400000| Untracked 
| 165|0x000000008a500000, 0x000000008a600000, 0x000000008a600000|100%| O|  |TAMS 0x000000008a600000, 0x000000008a500000| Untracked 
| 166|0x000000008a600000, 0x000000008a700000, 0x000000008a700000|100%| O|  |TAMS 0x000000008a700000, 0x000000008a600000| Untracked 
| 167|0x000000008a700000, 0x000000008a800000, 0x000000008a800000|100%| O|  |TAMS 0x000000008a800000, 0x000000008a700000| Untracked 
| 168|0x000000008a800000, 0x000000008a900000, 0x000000008a900000|100%| O|  |TAMS 0x000000008a900000, 0x000000008a800000| Untracked 
| 169|0x000000008a900000, 0x000000008aa00000, 0x000000008aa00000|100%| O|  |TAMS 0x000000008aa00000, 0x000000008a900000| Untracked 
| 170|0x000000008aa00000, 0x000000008ab00000, 0x000000008ab00000|100%| O|  |TAMS 0x000000008ab00000, 0x000000008aa00000| Updating 
| 171|0x000000008ab00000, 0x000000008ac00000, 0x000000008ac00000|100%| O|  |TAMS 0x000000008ac00000, 0x000000008ab00000| Updating 
| 172|0x000000008ac00000, 0x000000008ad00000, 0x000000008ad00000|100%| O|  |TAMS 0x000000008ad00000, 0x000000008ac00000| Updating 
| 173|0x000000008ad00000, 0x000000008ae00000, 0x000000008ae00000|100%| O|  |TAMS 0x000000008ae00000, 0x000000008ad00000| Updating 
| 174|0x000000008ae00000, 0x000000008af00000, 0x000000008af00000|100%| O|  |TAMS 0x000000008af00000, 0x000000008ae00000| Updating 
| 175|0x000000008af00000, 0x000000008b000000, 0x000000008b000000|100%| O|  |TAMS 0x000000008b000000, 0x000000008af00000| Updating 
| 176|0x000000008b000000, 0x000000008b100000, 0x000000008b100000|100%| O|  |TAMS 0x000000008b100000, 0x000000008b000000| Updating 
| 177|0x000000008b100000, 0x000000008b200000, 0x000000008b200000|100%| O|  |TAMS 0x000000008b200000, 0x000000008b100000| Updating 
| 178|0x000000008b200000, 0x000000008b300000, 0x000000008b300000|100%| O|  |TAMS 0x000000008b300000, 0x000000008b200000| Updating 
| 179|0x000000008b300000, 0x000000008b400000, 0x000000008b400000|100%| O|  |TAMS 0x000000008b400000, 0x000000008b300000| Updating 
| 180|0x000000008b400000, 0x000000008b500000, 0x000000008b500000|100%|HS|  |TAMS 0x000000008b500000, 0x000000008b400000| Complete 
| 181|0x000000008b500000, 0x000000008b600000, 0x000000008b600000|100%|HC|  |TAMS 0x000000008b600000, 0x000000008b500000| Complete 
| 182|0x000000008b600000, 0x000000008b700000, 0x000000008b700000|100%| O|  |TAMS 0x000000008b700000, 0x000000008b600000| Updating 
| 183|0x000000008b700000, 0x000000008b800000, 0x000000008b800000|100%| O|  |TAMS 0x000000008b800000, 0x000000008b700000| Updating 
| 184|0x000000008b800000, 0x000000008b900000, 0x000000008b900000|100%| O|  |TAMS 0x000000008b900000, 0x000000008b800000| Updating 
| 185|0x000000008b900000, 0x000000008ba00000, 0x000000008ba00000|100%| O|  |TAMS 0x000000008ba00000, 0x000000008b900000| Updating 
| 186|0x000000008ba00000, 0x000000008bb00000, 0x000000008bb00000|100%| O|  |TAMS 0x000000008bb00000, 0x000000008ba00000| Updating 
| 187|0x000000008bb00000, 0x000000008bc00000, 0x000000008bc00000|100%| O|  |TAMS 0x000000008bc00000, 0x000000008bb00000| Updating 
| 188|0x000000008bc00000, 0x000000008bd00000, 0x000000008bd00000|100%| O|  |TAMS 0x000000008bd00000, 0x000000008bc00000| Updating 
| 189|0x000000008bd00000, 0x000000008be00000, 0x000000008be00000|100%| O|  |TAMS 0x000000008be00000, 0x000000008bd00000| Updating 
| 190|0x000000008be00000, 0x000000008bf00000, 0x000000008bf00000|100%| O|  |TAMS 0x000000008bf00000, 0x000000008be00000| Updating 
| 191|0x000000008bf00000, 0x000000008c000000, 0x000000008c000000|100%| O|  |TAMS 0x000000008c000000, 0x000000008bf00000| Updating 
| 192|0x000000008c000000, 0x000000008c100000, 0x000000008c100000|100%| O|  |TAMS 0x000000008c100000, 0x000000008c000000| Updating 
| 193|0x000000008c100000, 0x000000008c200000, 0x000000008c200000|100%| O|  |TAMS 0x000000008c200000, 0x000000008c100000| Updating 
| 194|0x000000008c200000, 0x000000008c300000, 0x000000008c300000|100%| O|  |TAMS 0x000000008c300000, 0x000000008c200000| Updating 
| 195|0x000000008c300000, 0x000000008c400000, 0x000000008c400000|100%| O|  |TAMS 0x000000008c400000, 0x000000008c300000| Updating 
| 196|0x000000008c400000, 0x000000008c500000, 0x000000008c500000|100%| O|  |TAMS 0x000000008c500000, 0x000000008c400000| Updating 
| 197|0x000000008c500000, 0x000000008c600000, 0x000000008c600000|100%|HS|  |TAMS 0x000000008c600000, 0x000000008c500000| Complete 
| 198|0x000000008c600000, 0x000000008c700000, 0x000000008c700000|100%|HS|  |TAMS 0x000000008c700000, 0x000000008c600000| Complete 
| 199|0x000000008c700000, 0x000000008c800000, 0x000000008c800000|100%|HS|  |TAMS 0x000000008c800000, 0x000000008c700000| Complete 
| 200|0x000000008c800000, 0x000000008c900000, 0x000000008c900000|100%| O|  |TAMS 0x000000008c900000, 0x000000008c800000| Updating 
| 201|0x000000008c900000, 0x000000008ca00000, 0x000000008ca00000|100%| O|  |TAMS 0x000000008ca00000, 0x000000008c900000| Updating 
| 202|0x000000008ca00000, 0x000000008cb00000, 0x000000008cb00000|100%| O|  |TAMS 0x000000008cb00000, 0x000000008ca00000| Untracked 
| 203|0x000000008cb00000, 0x000000008cc00000, 0x000000008cc00000|100%| O|  |TAMS 0x000000008cc00000, 0x000000008cb00000| Untracked 
| 204|0x000000008cc00000, 0x000000008cd00000, 0x000000008cd00000|100%| O|  |TAMS 0x000000008cd00000, 0x000000008cc00000| Untracked 
| 205|0x000000008cd00000, 0x000000008ce00000, 0x000000008ce00000|100%| O|  |TAMS 0x000000008ce00000, 0x000000008cd00000| Untracked 
| 206|0x000000008ce00000, 0x000000008cf00000, 0x000000008cf00000|100%| O|  |TAMS 0x000000008cf00000, 0x000000008ce00000| Untracked 
| 207|0x000000008cf00000, 0x000000008d000000, 0x000000008d000000|100%| O|  |TAMS 0x000000008d000000, 0x000000008cf00000| Updating 
| 208|0x000000008d000000, 0x000000008d100000, 0x000000008d100000|100%| O|  |TAMS 0x000000008d100000, 0x000000008d000000| Updating 
| 209|0x000000008d100000, 0x000000008d200000, 0x000000008d200000|100%| O|  |TAMS 0x000000008d200000, 0x000000008d100000| Updating 
| 210|0x000000008d200000, 0x000000008d300000, 0x000000008d300000|100%| O|  |TAMS 0x000000008d300000, 0x000000008d200000| Updating 
| 211|0x000000008d300000, 0x000000008d400000, 0x000000008d400000|100%| O|  |TAMS 0x000000008d400000, 0x000000008d300000| Updating 
| 212|0x000000008d400000, 0x000000008d500000, 0x000000008d500000|100%| O|  |TAMS 0x000000008d500000, 0x000000008d400000| Untracked 
| 213|0x000000008d500000, 0x000000008d600000, 0x000000008d600000|100%| O|  |TAMS 0x000000008d600000, 0x000000008d500000| Untracked 
| 214|0x000000008d600000, 0x000000008d700000, 0x000000008d700000|100%| O|  |TAMS 0x000000008d700000, 0x000000008d600000| Updating 
| 215|0x000000008d700000, 0x000000008d800000, 0x000000008d800000|100%| O|  |TAMS 0x000000008d800000, 0x000000008d700000| Untracked 
| 216|0x000000008d800000, 0x000000008d900000, 0x000000008d900000|100%| O|  |TAMS 0x000000008d900000, 0x000000008d800000| Updating 
| 217|0x000000008d900000, 0x000000008da00000, 0x000000008da00000|100%| O|  |TAMS 0x000000008da00000, 0x000000008d900000| Untracked 
| 218|0x000000008da00000, 0x000000008db00000, 0x000000008db00000|100%| O|  |TAMS 0x000000008db00000, 0x000000008da00000| Updating 
| 219|0x000000008db00000, 0x000000008dc00000, 0x000000008dc00000|100%| O|  |TAMS 0x000000008dc00000, 0x000000008db00000| Updating 
| 220|0x000000008dc00000, 0x000000008dd00000, 0x000000008dd00000|100%| O|  |TAMS 0x000000008dd00000, 0x000000008dc00000| Updating 
| 221|0x000000008dd00000, 0x000000008de00000, 0x000000008de00000|100%| O|  |TAMS 0x000000008de00000, 0x000000008dd00000| Updating 
| 222|0x000000008de00000, 0x000000008df00000, 0x000000008df00000|100%| O|  |TAMS 0x000000008df00000, 0x000000008de00000| Updating 
| 223|0x000000008df00000, 0x000000008e000000, 0x000000008e000000|100%| O|  |TAMS 0x000000008e000000, 0x000000008df00000| Updating 
| 224|0x000000008e000000, 0x000000008e100000, 0x000000008e100000|100%| O|  |TAMS 0x000000008e100000, 0x000000008e000000| Updating 
| 225|0x000000008e100000, 0x000000008e200000, 0x000000008e200000|100%| O|  |TAMS 0x000000008e200000, 0x000000008e100000| Updating 
| 226|0x000000008e200000, 0x000000008e300000, 0x000000008e300000|100%| O|  |TAMS 0x000000008e300000, 0x000000008e200000| Updating 
| 227|0x000000008e300000, 0x000000008e400000, 0x000000008e400000|100%| O|  |TAMS 0x000000008e400000, 0x000000008e300000| Updating 
| 228|0x000000008e400000, 0x000000008e500000, 0x000000008e500000|100%| O|  |TAMS 0x000000008e500000, 0x000000008e400000| Updating 
| 229|0x000000008e500000, 0x000000008e600000, 0x000000008e600000|100%| O|  |TAMS 0x000000008e600000, 0x000000008e500000| Updating 
| 230|0x000000008e600000, 0x000000008e700000, 0x000000008e700000|100%| O|  |TAMS 0x000000008e700000, 0x000000008e600000| Updating 
| 231|0x000000008e700000, 0x000000008e800000, 0x000000008e800000|100%| O|  |TAMS 0x000000008e800000, 0x000000008e700000| Untracked 
| 232|0x000000008e800000, 0x000000008e900000, 0x000000008e900000|100%| O|  |TAMS 0x000000008e900000, 0x000000008e800000| Untracked 
| 233|0x000000008e900000, 0x000000008ea00000, 0x000000008ea00000|100%| O|  |TAMS 0x000000008ea00000, 0x000000008e900000| Updating 
| 234|0x000000008ea00000, 0x000000008eb00000, 0x000000008eb00000|100%| O|  |TAMS 0x000000008eb00000, 0x000000008ea00000| Updating 
| 235|0x000000008eb00000, 0x000000008ec00000, 0x000000008ec00000|100%| O|  |TAMS 0x000000008ec00000, 0x000000008eb00000| Updating 
| 236|0x000000008ec00000, 0x000000008ed00000, 0x000000008ed00000|100%| O|  |TAMS 0x000000008ed00000, 0x000000008ec00000| Updating 
| 237|0x000000008ed00000, 0x000000008ed00000, 0x000000008ee00000|  0%| F|  |TAMS 0x000000008ed00000, 0x000000008ed00000| Untracked 
| 238|0x000000008ee00000, 0x000000008ef00000, 0x000000008ef00000|100%| O|  |TAMS 0x000000008ef00000, 0x000000008ee00000| Updating 
| 239|0x000000008ef00000, 0x000000008f000000, 0x000000008f000000|100%| O|  |TAMS 0x000000008f000000, 0x000000008ef00000| Updating 
| 240|0x000000008f000000, 0x000000008f100000, 0x000000008f100000|100%| O|  |TAMS 0x000000008f100000, 0x000000008f000000| Updating 
| 241|0x000000008f100000, 0x000000008f200000, 0x000000008f200000|100%| O|  |TAMS 0x000000008f200000, 0x000000008f100000| Updating 
| 242|0x000000008f200000, 0x000000008f300000, 0x000000008f300000|100%| O|  |TAMS 0x000000008f300000, 0x000000008f200000| Updating 
| 243|0x000000008f300000, 0x000000008f400000, 0x000000008f400000|100%| O|  |TAMS 0x000000008f400000, 0x000000008f300000| Updating 
| 244|0x000000008f400000, 0x000000008f500000, 0x000000008f500000|100%|HS|  |TAMS 0x000000008f500000, 0x000000008f400000| Complete 
| 245|0x000000008f500000, 0x000000008f600000, 0x000000008f600000|100%|HS|  |TAMS 0x000000008f600000, 0x000000008f500000| Complete 
| 246|0x000000008f600000, 0x000000008f700000, 0x000000008f700000|100%|HS|  |TAMS 0x000000008f700000, 0x000000008f600000| Complete 
| 247|0x000000008f700000, 0x000000008f800000, 0x000000008f800000|100%|HS|  |TAMS 0x000000008f800000, 0x000000008f700000| Complete 
| 248|0x000000008f800000, 0x000000008f900000, 0x000000008f900000|100%|HC|  |TAMS 0x000000008f900000, 0x000000008f800000| Complete 
| 249|0x000000008f900000, 0x000000008fa00000, 0x000000008fa00000|100%|HS|  |TAMS 0x000000008fa00000, 0x000000008f900000| Complete 
| 250|0x000000008fa00000, 0x000000008fb00000, 0x000000008fb00000|100%| O|  |TAMS 0x000000008fb00000, 0x000000008fa00000| Updating 
| 251|0x000000008fb00000, 0x000000008fc00000, 0x000000008fc00000|100%|HS|  |TAMS 0x000000008fc00000, 0x000000008fb00000| Complete 
| 252|0x000000008fc00000, 0x000000008fd00000, 0x000000008fd00000|100%| O|  |TAMS 0x000000008fd00000, 0x000000008fc00000| Updating 
| 253|0x000000008fd00000, 0x000000008fe00000, 0x000000008fe00000|100%| O|  |TAMS 0x000000008fe00000, 0x000000008fd00000| Untracked 
| 254|0x000000008fe00000, 0x000000008ff00000, 0x000000008ff00000|100%| O|  |TAMS 0x000000008ff00000, 0x000000008fe00000| Untracked 
| 255|0x000000008ff00000, 0x0000000090000000, 0x0000000090000000|100%| O|  |TAMS 0x0000000090000000, 0x000000008ff00000| Untracked 
| 256|0x0000000090000000, 0x0000000090100000, 0x0000000090100000|100%| O|  |TAMS 0x0000000090100000, 0x0000000090000000| Untracked 
| 257|0x0000000090100000, 0x0000000090200000, 0x0000000090200000|100%| O|  |TAMS 0x0000000090200000, 0x0000000090100000| Untracked 
| 258|0x0000000090200000, 0x0000000090300000, 0x0000000090300000|100%| O|  |TAMS 0x0000000090300000, 0x0000000090200000| Untracked 
| 259|0x0000000090300000, 0x0000000090400000, 0x0000000090400000|100%| O|  |TAMS 0x0000000090400000, 0x0000000090300000| Updating 
| 260|0x0000000090400000, 0x0000000090500000, 0x0000000090500000|100%| O|  |TAMS 0x0000000090500000, 0x0000000090400000| Updating 
| 261|0x0000000090500000, 0x0000000090600000, 0x0000000090600000|100%| O|  |TAMS 0x0000000090600000, 0x0000000090500000| Updating 
| 262|0x0000000090600000, 0x0000000090700000, 0x0000000090700000|100%| O|  |TAMS 0x0000000090700000, 0x0000000090600000| Updating 
| 263|0x0000000090700000, 0x0000000090800000, 0x0000000090800000|100%| O|  |TAMS 0x0000000090800000, 0x0000000090700000| Updating 
| 264|0x0000000090800000, 0x0000000090900000, 0x0000000090900000|100%| O|  |TAMS 0x0000000090900000, 0x0000000090800000| Updating 
| 265|0x0000000090900000, 0x0000000090a00000, 0x0000000090a00000|100%| O|  |TAMS 0x0000000090a00000, 0x0000000090900000| Updating 
| 266|0x0000000090a00000, 0x0000000090b00000, 0x0000000090b00000|100%| O|  |TAMS 0x0000000090b00000, 0x0000000090a00000| Updating 
| 267|0x0000000090b00000, 0x0000000090c00000, 0x0000000090c00000|100%| O|  |TAMS 0x0000000090c00000, 0x0000000090b00000| Untracked 
| 268|0x0000000090c00000, 0x0000000090d00000, 0x0000000090d00000|100%| O|  |TAMS 0x0000000090d00000, 0x0000000090c00000| Updating 
| 269|0x0000000090d00000, 0x0000000090e00000, 0x0000000090e00000|100%| O|  |TAMS 0x0000000090e00000, 0x0000000090d00000| Updating 
| 270|0x0000000090e00000, 0x0000000090f00000, 0x0000000090f00000|100%| O|  |TAMS 0x0000000090f00000, 0x0000000090e00000| Updating 
| 271|0x0000000090f00000, 0x0000000091000000, 0x0000000091000000|100%| O|  |TAMS 0x0000000091000000, 0x0000000090f00000| Updating 
| 272|0x0000000091000000, 0x0000000091100000, 0x0000000091100000|100%| O|  |TAMS 0x0000000091100000, 0x0000000091000000| Updating 
| 273|0x0000000091100000, 0x0000000091200000, 0x0000000091200000|100%| O|  |TAMS 0x0000000091200000, 0x0000000091100000| Updating 
| 274|0x0000000091200000, 0x0000000091300000, 0x0000000091300000|100%| O|  |TAMS 0x0000000091300000, 0x0000000091200000| Updating 
| 275|0x0000000091300000, 0x0000000091400000, 0x0000000091400000|100%| O|  |TAMS 0x0000000091400000, 0x0000000091300000| Updating 
| 276|0x0000000091400000, 0x0000000091500000, 0x0000000091500000|100%|HS|  |TAMS 0x0000000091500000, 0x0000000091400000| Complete 
| 277|0x0000000091500000, 0x0000000091600000, 0x0000000091600000|100%|HS|  |TAMS 0x0000000091600000, 0x0000000091500000| Complete 
| 278|0x0000000091600000, 0x0000000091700000, 0x0000000091700000|100%|HS|  |TAMS 0x0000000091700000, 0x0000000091600000| Complete 
| 279|0x0000000091700000, 0x0000000091800000, 0x0000000091800000|100%| O|  |TAMS 0x0000000091800000, 0x0000000091700000| Updating 
| 280|0x0000000091800000, 0x0000000091900000, 0x0000000091900000|100%| O|  |TAMS 0x0000000091900000, 0x0000000091800000| Updating 
| 281|0x0000000091900000, 0x0000000091a00000, 0x0000000091a00000|100%| O|  |TAMS 0x0000000091a00000, 0x0000000091900000| Updating 
| 282|0x0000000091a00000, 0x0000000091b00000, 0x0000000091b00000|100%| O|  |TAMS 0x0000000091b00000, 0x0000000091a00000| Updating 
| 283|0x0000000091b00000, 0x0000000091c00000, 0x0000000091c00000|100%| O|  |TAMS 0x0000000091c00000, 0x0000000091b00000| Updating 
| 284|0x0000000091c00000, 0x0000000091d00000, 0x0000000091d00000|100%| O|  |TAMS 0x0000000091d00000, 0x0000000091c00000| Updating 
| 285|0x0000000091d00000, 0x0000000091e00000, 0x0000000091e00000|100%| O|  |TAMS 0x0000000091e00000, 0x0000000091d00000| Untracked 
| 286|0x0000000091e00000, 0x0000000091f00000, 0x0000000091f00000|100%| O|  |TAMS 0x0000000091f00000, 0x0000000091e00000| Untracked 
| 287|0x0000000091f00000, 0x0000000092000000, 0x0000000092000000|100%| O|  |TAMS 0x0000000092000000, 0x0000000091f00000| Updating 
| 288|0x0000000092000000, 0x0000000092100000, 0x0000000092100000|100%| O|  |TAMS 0x0000000092100000, 0x0000000092000000| Untracked 
| 289|0x0000000092100000, 0x0000000092200000, 0x0000000092200000|100%| O|  |TAMS 0x0000000092200000, 0x0000000092100000| Updating 
| 290|0x0000000092200000, 0x0000000092300000, 0x0000000092300000|100%| O|  |TAMS 0x0000000092300000, 0x0000000092200000| Updating 
| 291|0x0000000092300000, 0x0000000092400000, 0x0000000092400000|100%| O|  |TAMS 0x0000000092400000, 0x0000000092300000| Updating 
| 292|0x0000000092400000, 0x0000000092500000, 0x0000000092500000|100%| O|  |TAMS 0x0000000092500000, 0x0000000092400000| Updating 
| 293|0x0000000092500000, 0x0000000092600000, 0x0000000092600000|100%| O|  |TAMS 0x0000000092600000, 0x0000000092500000| Updating 
| 294|0x0000000092600000, 0x0000000092700000, 0x0000000092700000|100%| O|  |TAMS 0x0000000092700000, 0x0000000092600000| Updating 
| 295|0x0000000092700000, 0x0000000092800000, 0x0000000092800000|100%| O|  |TAMS 0x0000000092800000, 0x0000000092700000| Updating 
| 296|0x0000000092800000, 0x0000000092900000, 0x0000000092900000|100%| O|  |TAMS 0x0000000092900000, 0x0000000092800000| Updating 
| 297|0x0000000092900000, 0x0000000092a00000, 0x0000000092a00000|100%| O|  |TAMS 0x0000000092a00000, 0x0000000092900000| Updating 
| 298|0x0000000092a00000, 0x0000000092b00000, 0x0000000092b00000|100%| O|  |TAMS 0x0000000092b00000, 0x0000000092a00000| Updating 
| 299|0x0000000092b00000, 0x0000000092c00000, 0x0000000092c00000|100%| O|  |TAMS 0x0000000092c00000, 0x0000000092b00000| Updating 
| 300|0x0000000092c00000, 0x0000000092d00000, 0x0000000092d00000|100%| O|  |TAMS 0x0000000092d00000, 0x0000000092c00000| Updating 
| 301|0x0000000092d00000, 0x0000000092e00000, 0x0000000092e00000|100%| O|  |TAMS 0x0000000092e00000, 0x0000000092d00000| Updating 
| 302|0x0000000092e00000, 0x0000000092f00000, 0x0000000092f00000|100%| O|  |TAMS 0x0000000092f00000, 0x0000000092e00000| Updating 
| 303|0x0000000092f00000, 0x0000000093000000, 0x0000000093000000|100%| O|  |TAMS 0x0000000093000000, 0x0000000092f00000| Updating 
| 304|0x0000000093000000, 0x0000000093100000, 0x0000000093100000|100%| O|  |TAMS 0x0000000093100000, 0x0000000093000000| Updating 
| 305|0x0000000093100000, 0x0000000093200000, 0x0000000093200000|100%|HS|  |TAMS 0x0000000093200000, 0x0000000093100000| Complete 
| 306|0x0000000093200000, 0x0000000093300000, 0x0000000093300000|100%|HS|  |TAMS 0x0000000093300000, 0x0000000093200000| Complete 
| 307|0x0000000093300000, 0x0000000093400000, 0x0000000093400000|100%| O|  |TAMS 0x0000000093400000, 0x0000000093300000| Untracked 
| 308|0x0000000093400000, 0x0000000093500000, 0x0000000093500000|100%| O|  |TAMS 0x0000000093500000, 0x0000000093400000| Updating 
| 309|0x0000000093500000, 0x0000000093600000, 0x0000000093600000|100%| O|  |TAMS 0x0000000093600000, 0x0000000093500000| Updating 
| 310|0x0000000093600000, 0x0000000093700000, 0x0000000093700000|100%| O|  |TAMS 0x0000000093700000, 0x0000000093600000| Updating 
| 311|0x0000000093700000, 0x0000000093800000, 0x0000000093800000|100%| O|  |TAMS 0x0000000093800000, 0x0000000093700000| Updating 
| 312|0x0000000093800000, 0x0000000093900000, 0x0000000093900000|100%| O|  |TAMS 0x0000000093900000, 0x0000000093800000| Updating 
| 313|0x0000000093900000, 0x0000000093a00000, 0x0000000093a00000|100%| O|  |TAMS 0x0000000093a00000, 0x0000000093900000| Updating 
| 314|0x0000000093a00000, 0x0000000093b00000, 0x0000000093b00000|100%| O|  |TAMS 0x0000000093b00000, 0x0000000093a00000| Untracked 
| 315|0x0000000093b00000, 0x0000000093c00000, 0x0000000093c00000|100%| O|  |TAMS 0x0000000093c00000, 0x0000000093b00000| Updating 
| 316|0x0000000093c00000, 0x0000000093d00000, 0x0000000093d00000|100%| O|  |TAMS 0x0000000093d00000, 0x0000000093c00000| Updating 
| 317|0x0000000093d00000, 0x0000000093e00000, 0x0000000093e00000|100%| O|  |TAMS 0x0000000093e00000, 0x0000000093d00000| Updating 
| 318|0x0000000093e00000, 0x0000000093f00000, 0x0000000093f00000|100%| O|  |TAMS 0x0000000093f00000, 0x0000000093e00000| Updating 
| 319|0x0000000093f00000, 0x0000000094000000, 0x0000000094000000|100%| O|  |TAMS 0x0000000094000000, 0x0000000093f00000| Updating 
| 320|0x0000000094000000, 0x0000000094100000, 0x0000000094100000|100%| O|  |TAMS 0x0000000094100000, 0x0000000094000000| Updating 
| 321|0x0000000094100000, 0x0000000094200000, 0x0000000094200000|100%| O|  |TAMS 0x0000000094200000, 0x0000000094100000| Updating 
| 322|0x0000000094200000, 0x0000000094300000, 0x0000000094300000|100%| O|  |TAMS 0x0000000094300000, 0x0000000094200000| Updating 
| 323|0x0000000094300000, 0x0000000094400000, 0x0000000094400000|100%| O|  |TAMS 0x0000000094400000, 0x0000000094300000| Updating 
| 324|0x0000000094400000, 0x0000000094500000, 0x0000000094500000|100%| O|  |TAMS 0x0000000094500000, 0x0000000094400000| Updating 
| 325|0x0000000094500000, 0x0000000094600000, 0x0000000094600000|100%| O|  |TAMS 0x0000000094600000, 0x0000000094500000| Untracked 
| 326|0x0000000094600000, 0x0000000094700000, 0x0000000094700000|100%| O|  |TAMS 0x0000000094700000, 0x0000000094600000| Updating 
| 327|0x0000000094700000, 0x0000000094800000, 0x0000000094800000|100%| O|  |TAMS 0x0000000094800000, 0x0000000094700000| Updating 
| 328|0x0000000094800000, 0x0000000094900000, 0x0000000094900000|100%| O|  |TAMS 0x0000000094900000, 0x0000000094800000| Updating 
| 329|0x0000000094900000, 0x0000000094a00000, 0x0000000094a00000|100%| O|  |TAMS 0x0000000094a00000, 0x0000000094900000| Updating 
| 330|0x0000000094a00000, 0x0000000094b00000, 0x0000000094b00000|100%| O|  |TAMS 0x0000000094b00000, 0x0000000094a00000| Updating 
| 331|0x0000000094b00000, 0x0000000094c00000, 0x0000000094c00000|100%| O|  |TAMS 0x0000000094c00000, 0x0000000094b00000| Updating 
| 332|0x0000000094c00000, 0x0000000094d00000, 0x0000000094d00000|100%| O|  |TAMS 0x0000000094d00000, 0x0000000094c00000| Updating 
| 333|0x0000000094d00000, 0x0000000094e00000, 0x0000000094e00000|100%| O|  |TAMS 0x0000000094e00000, 0x0000000094d00000| Updating 
| 334|0x0000000094e00000, 0x0000000094f00000, 0x0000000094f00000|100%| O|  |TAMS 0x0000000094f00000, 0x0000000094e00000| Updating 
| 335|0x0000000094f00000, 0x0000000095000000, 0x0000000095000000|100%| O|  |TAMS 0x0000000095000000, 0x0000000094f00000| Updating 
| 336|0x0000000095000000, 0x0000000095100000, 0x0000000095100000|100%| O|  |TAMS 0x0000000095100000, 0x0000000095000000| Updating 
| 337|0x0000000095100000, 0x0000000095200000, 0x0000000095200000|100%| O|  |TAMS 0x0000000095200000, 0x0000000095100000| Updating 
| 338|0x0000000095200000, 0x0000000095300000, 0x0000000095300000|100%| O|  |TAMS 0x0000000095300000, 0x0000000095200000| Updating 
| 339|0x0000000095300000, 0x0000000095400000, 0x0000000095400000|100%| O|  |TAMS 0x0000000095400000, 0x0000000095300000| Updating 
| 340|0x0000000095400000, 0x0000000095500000, 0x0000000095500000|100%| O|  |TAMS 0x0000000095500000, 0x0000000095400000| Updating 
| 341|0x0000000095500000, 0x0000000095600000, 0x0000000095600000|100%| O|  |TAMS 0x0000000095600000, 0x0000000095500000| Updating 
| 342|0x0000000095600000, 0x0000000095700000, 0x0000000095700000|100%| O|  |TAMS 0x0000000095700000, 0x0000000095600000| Updating 
| 343|0x0000000095700000, 0x0000000095800000, 0x0000000095800000|100%| O|  |TAMS 0x0000000095800000, 0x0000000095700000| Updating 
| 344|0x0000000095800000, 0x0000000095900000, 0x0000000095900000|100%| O|  |TAMS 0x0000000095900000, 0x0000000095800000| Updating 
| 345|0x0000000095900000, 0x0000000095a00000, 0x0000000095a00000|100%| O|  |TAMS 0x0000000095a00000, 0x0000000095900000| Updating 
| 346|0x0000000095a00000, 0x0000000095b00000, 0x0000000095b00000|100%| O|  |TAMS 0x0000000095b00000, 0x0000000095a00000| Updating 
| 347|0x0000000095b00000, 0x0000000095c00000, 0x0000000095c00000|100%| O|  |TAMS 0x0000000095c00000, 0x0000000095b00000| Updating 
| 348|0x0000000095c00000, 0x0000000095d00000, 0x0000000095d00000|100%| O|  |TAMS 0x0000000095d00000, 0x0000000095c00000| Updating 
| 349|0x0000000095d00000, 0x0000000095e00000, 0x0000000095e00000|100%| O|  |TAMS 0x0000000095e00000, 0x0000000095d00000| Updating 
| 350|0x0000000095e00000, 0x0000000095f00000, 0x0000000095f00000|100%| O|  |TAMS 0x0000000095f00000, 0x0000000095e00000| Updating 
| 351|0x0000000095f00000, 0x0000000096000000, 0x0000000096000000|100%| O|  |TAMS 0x0000000096000000, 0x0000000095f00000| Updating 
| 352|0x0000000096000000, 0x0000000096100000, 0x0000000096100000|100%| O|  |TAMS 0x0000000096100000, 0x0000000096000000| Updating 
| 353|0x0000000096100000, 0x0000000096200000, 0x0000000096200000|100%| O|  |TAMS 0x0000000096200000, 0x0000000096100000| Updating 
| 354|0x0000000096200000, 0x0000000096300000, 0x0000000096300000|100%| O|  |TAMS 0x0000000096300000, 0x0000000096200000| Updating 
| 355|0x0000000096300000, 0x0000000096400000, 0x0000000096400000|100%| O|  |TAMS 0x0000000096400000, 0x0000000096300000| Updating 
| 356|0x0000000096400000, 0x0000000096500000, 0x0000000096500000|100%| O|  |TAMS 0x0000000096500000, 0x0000000096400000| Updating 
| 357|0x0000000096500000, 0x0000000096600000, 0x0000000096600000|100%| O|  |TAMS 0x0000000096600000, 0x0000000096500000| Updating 
| 358|0x0000000096600000, 0x0000000096700000, 0x0000000096700000|100%| O|  |TAMS 0x0000000096700000, 0x0000000096600000| Updating 
| 359|0x0000000096700000, 0x0000000096800000, 0x0000000096800000|100%| O|  |TAMS 0x0000000096800000, 0x0000000096700000| Updating 
| 360|0x0000000096800000, 0x0000000096900000, 0x0000000096900000|100%| O|  |TAMS 0x0000000096900000, 0x0000000096800000| Updating 
| 361|0x0000000096900000, 0x0000000096a00000, 0x0000000096a00000|100%| O|  |TAMS 0x0000000096a00000, 0x0000000096900000| Updating 
| 362|0x0000000096a00000, 0x0000000096b00000, 0x0000000096b00000|100%| O|  |TAMS 0x0000000096b00000, 0x0000000096a00000| Updating 
| 363|0x0000000096b00000, 0x0000000096c00000, 0x0000000096c00000|100%| O|  |TAMS 0x0000000096c00000, 0x0000000096b00000| Updating 
| 364|0x0000000096c00000, 0x0000000096d00000, 0x0000000096d00000|100%| O|  |TAMS 0x0000000096d00000, 0x0000000096c00000| Updating 
| 365|0x0000000096d00000, 0x0000000096e00000, 0x0000000096e00000|100%| O|  |TAMS 0x0000000096e00000, 0x0000000096d00000| Updating 
| 366|0x0000000096e00000, 0x0000000096f00000, 0x0000000096f00000|100%| O|  |TAMS 0x0000000096f00000, 0x0000000096e00000| Updating 
| 367|0x0000000096f00000, 0x0000000097000000, 0x0000000097000000|100%| O|  |TAMS 0x0000000097000000, 0x0000000096f00000| Updating 
| 368|0x0000000097000000, 0x0000000097100000, 0x0000000097100000|100%| O|  |TAMS 0x0000000097100000, 0x0000000097000000| Updating 
| 369|0x0000000097100000, 0x0000000097200000, 0x0000000097200000|100%| O|  |TAMS 0x0000000097200000, 0x0000000097100000| Updating 
| 370|0x0000000097200000, 0x0000000097300000, 0x0000000097300000|100%| O|  |TAMS 0x0000000097300000, 0x0000000097200000| Updating 
| 371|0x0000000097300000, 0x0000000097400000, 0x0000000097400000|100%| O|  |TAMS 0x0000000097400000, 0x0000000097300000| Updating 
| 372|0x0000000097400000, 0x0000000097500000, 0x0000000097500000|100%| O|  |TAMS 0x0000000097500000, 0x0000000097400000| Updating 
| 373|0x0000000097500000, 0x0000000097600000, 0x0000000097600000|100%| O|  |TAMS 0x0000000097600000, 0x0000000097500000| Updating 
| 374|0x0000000097600000, 0x0000000097700000, 0x0000000097700000|100%| O|  |TAMS 0x0000000097700000, 0x0000000097600000| Updating 
| 375|0x0000000097700000, 0x0000000097800000, 0x0000000097800000|100%| O|  |TAMS 0x0000000097800000, 0x0000000097700000| Updating 
| 376|0x0000000097800000, 0x0000000097900000, 0x0000000097900000|100%| O|  |TAMS 0x0000000097900000, 0x0000000097800000| Updating 
| 377|0x0000000097900000, 0x0000000097a00000, 0x0000000097a00000|100%| O|  |TAMS 0x0000000097a00000, 0x0000000097900000| Updating 
| 378|0x0000000097a00000, 0x0000000097b00000, 0x0000000097b00000|100%| O|  |TAMS 0x0000000097b00000, 0x0000000097a00000| Updating 
| 379|0x0000000097b00000, 0x0000000097c00000, 0x0000000097c00000|100%| O|  |TAMS 0x0000000097c00000, 0x0000000097b00000| Updating 
| 380|0x0000000097c00000, 0x0000000097d00000, 0x0000000097d00000|100%| O|  |TAMS 0x0000000097d00000, 0x0000000097c00000| Updating 
| 381|0x0000000097d00000, 0x0000000097e00000, 0x0000000097e00000|100%| O|  |TAMS 0x0000000097e00000, 0x0000000097d00000| Updating 
| 382|0x0000000097e00000, 0x0000000097f00000, 0x0000000097f00000|100%| O|  |TAMS 0x0000000097f00000, 0x0000000097e00000| Updating 
| 383|0x0000000097f00000, 0x0000000098000000, 0x0000000098000000|100%| O|  |TAMS 0x0000000098000000, 0x0000000097f00000| Updating 
| 384|0x0000000098000000, 0x0000000098100000, 0x0000000098100000|100%| O|  |TAMS 0x0000000098100000, 0x0000000098000000| Updating 
| 385|0x0000000098100000, 0x0000000098200000, 0x0000000098200000|100%| O|  |TAMS 0x0000000098200000, 0x0000000098100000| Untracked 
| 386|0x0000000098200000, 0x0000000098300000, 0x0000000098300000|100%| O|  |TAMS 0x0000000098300000, 0x0000000098200000| Updating 
| 387|0x0000000098300000, 0x0000000098400000, 0x0000000098400000|100%| O|  |TAMS 0x0000000098400000, 0x0000000098300000| Updating 
| 388|0x0000000098400000, 0x0000000098500000, 0x0000000098500000|100%| O|  |TAMS 0x0000000098500000, 0x0000000098400000| Updating 
| 389|0x0000000098500000, 0x0000000098600000, 0x0000000098600000|100%| O|  |TAMS 0x0000000098600000, 0x0000000098500000| Updating 
| 390|0x0000000098600000, 0x0000000098700000, 0x0000000098700000|100%| O|  |TAMS 0x0000000098700000, 0x0000000098600000| Updating 
| 391|0x0000000098700000, 0x0000000098800000, 0x0000000098800000|100%| O|  |TAMS 0x0000000098800000, 0x0000000098700000| Updating 
| 392|0x0000000098800000, 0x0000000098900000, 0x0000000098900000|100%| O|  |TAMS 0x0000000098900000, 0x0000000098800000| Updating 
| 393|0x0000000098900000, 0x0000000098a00000, 0x0000000098a00000|100%| O|  |TAMS 0x0000000098a00000, 0x0000000098900000| Updating 
| 394|0x0000000098a00000, 0x0000000098b00000, 0x0000000098b00000|100%| O|  |TAMS 0x0000000098b00000, 0x0000000098a00000| Updating 
| 395|0x0000000098b00000, 0x0000000098c00000, 0x0000000098c00000|100%| O|  |TAMS 0x0000000098c00000, 0x0000000098b00000| Updating 
| 396|0x0000000098c00000, 0x0000000098d00000, 0x0000000098d00000|100%| O|  |TAMS 0x0000000098d00000, 0x0000000098c00000| Updating 
| 397|0x0000000098d00000, 0x0000000098e00000, 0x0000000098e00000|100%| O|  |TAMS 0x0000000098e00000, 0x0000000098d00000| Updating 
| 398|0x0000000098e00000, 0x0000000098f00000, 0x0000000098f00000|100%| O|  |TAMS 0x0000000098f00000, 0x0000000098e00000| Updating 
| 399|0x0000000098f00000, 0x0000000099000000, 0x0000000099000000|100%| O|  |TAMS 0x0000000099000000, 0x0000000098f00000| Updating 
| 400|0x0000000099000000, 0x0000000099100000, 0x0000000099100000|100%| O|  |TAMS 0x0000000099100000, 0x0000000099000000| Updating 
| 401|0x0000000099100000, 0x0000000099200000, 0x0000000099200000|100%| O|  |TAMS 0x0000000099200000, 0x0000000099100000| Updating 
| 402|0x0000000099200000, 0x0000000099300000, 0x0000000099300000|100%| O|  |TAMS 0x0000000099300000, 0x0000000099200000| Updating 
| 403|0x0000000099300000, 0x0000000099400000, 0x0000000099400000|100%| O|  |TAMS 0x0000000099400000, 0x0000000099300000| Updating 
| 404|0x0000000099400000, 0x0000000099500000, 0x0000000099500000|100%| O|  |TAMS 0x0000000099500000, 0x0000000099400000| Updating 
| 405|0x0000000099500000, 0x0000000099600000, 0x0000000099600000|100%| O|  |TAMS 0x0000000099600000, 0x0000000099500000| Updating 
| 406|0x0000000099600000, 0x0000000099700000, 0x0000000099700000|100%| O|  |TAMS 0x0000000099700000, 0x0000000099600000| Updating 
| 407|0x0000000099700000, 0x0000000099800000, 0x0000000099800000|100%| O|  |TAMS 0x0000000099800000, 0x0000000099700000| Updating 
| 408|0x0000000099800000, 0x0000000099900000, 0x0000000099900000|100%| O|  |TAMS 0x0000000099900000, 0x0000000099800000| Updating 
| 409|0x0000000099900000, 0x0000000099a00000, 0x0000000099a00000|100%| O|  |TAMS 0x0000000099a00000, 0x0000000099900000| Updating 
| 410|0x0000000099a00000, 0x0000000099b00000, 0x0000000099b00000|100%| O|  |TAMS 0x0000000099b00000, 0x0000000099a00000| Updating 
| 411|0x0000000099b00000, 0x0000000099c00000, 0x0000000099c00000|100%| O|  |TAMS 0x0000000099c00000, 0x0000000099b00000| Updating 
| 412|0x0000000099c00000, 0x0000000099d00000, 0x0000000099d00000|100%| O|  |TAMS 0x0000000099d00000, 0x0000000099c00000| Updating 
| 413|0x0000000099d00000, 0x0000000099e00000, 0x0000000099e00000|100%| O|  |TAMS 0x0000000099e00000, 0x0000000099d00000| Untracked 
| 414|0x0000000099e00000, 0x0000000099f00000, 0x0000000099f00000|100%| O|  |TAMS 0x0000000099f00000, 0x0000000099e00000| Updating 
| 415|0x0000000099f00000, 0x000000009a000000, 0x000000009a000000|100%| O|  |TAMS 0x000000009a000000, 0x0000000099f00000| Updating 
| 416|0x000000009a000000, 0x000000009a100000, 0x000000009a100000|100%| O|  |TAMS 0x000000009a100000, 0x000000009a000000| Updating 
| 417|0x000000009a100000, 0x000000009a200000, 0x000000009a200000|100%| O|  |TAMS 0x000000009a200000, 0x000000009a100000| Updating 
| 418|0x000000009a200000, 0x000000009a300000, 0x000000009a300000|100%| O|  |TAMS 0x000000009a300000, 0x000000009a200000| Updating 
| 419|0x000000009a300000, 0x000000009a400000, 0x000000009a400000|100%| O|  |TAMS 0x000000009a400000, 0x000000009a300000| Updating 
| 420|0x000000009a400000, 0x000000009a500000, 0x000000009a500000|100%| O|  |TAMS 0x000000009a500000, 0x000000009a400000| Updating 
| 421|0x000000009a500000, 0x000000009a600000, 0x000000009a600000|100%| O|  |TAMS 0x000000009a600000, 0x000000009a500000| Updating 
| 422|0x000000009a600000, 0x000000009a700000, 0x000000009a700000|100%| O|  |TAMS 0x000000009a700000, 0x000000009a600000| Updating 
| 423|0x000000009a700000, 0x000000009a800000, 0x000000009a800000|100%| O|  |TAMS 0x000000009a800000, 0x000000009a700000| Updating 
| 424|0x000000009a800000, 0x000000009a900000, 0x000000009a900000|100%| O|  |TAMS 0x000000009a900000, 0x000000009a800000| Updating 
| 425|0x000000009a900000, 0x000000009aa00000, 0x000000009aa00000|100%| O|  |TAMS 0x000000009aa00000, 0x000000009a900000| Updating 
| 426|0x000000009aa00000, 0x000000009ab00000, 0x000000009ab00000|100%| O|  |TAMS 0x000000009ab00000, 0x000000009aa00000| Updating 
| 427|0x000000009ab00000, 0x000000009ac00000, 0x000000009ac00000|100%| O|  |TAMS 0x000000009ac00000, 0x000000009ab00000| Updating 
| 428|0x000000009ac00000, 0x000000009ad00000, 0x000000009ad00000|100%| O|  |TAMS 0x000000009ad00000, 0x000000009ac00000| Updating 
| 429|0x000000009ad00000, 0x000000009ae00000, 0x000000009ae00000|100%| O|  |TAMS 0x000000009ae00000, 0x000000009ad00000| Updating 
| 430|0x000000009ae00000, 0x000000009af00000, 0x000000009af00000|100%| O|  |TAMS 0x000000009af00000, 0x000000009ae00000| Updating 
| 431|0x000000009af00000, 0x000000009b000000, 0x000000009b000000|100%| O|  |TAMS 0x000000009b000000, 0x000000009af00000| Updating 
| 432|0x000000009b000000, 0x000000009b100000, 0x000000009b100000|100%| O|  |TAMS 0x000000009b100000, 0x000000009b000000| Updating 
| 433|0x000000009b100000, 0x000000009b200000, 0x000000009b200000|100%| O|  |TAMS 0x000000009b200000, 0x000000009b100000| Updating 
| 434|0x000000009b200000, 0x000000009b300000, 0x000000009b300000|100%| O|  |TAMS 0x000000009b300000, 0x000000009b200000| Updating 
| 435|0x000000009b300000, 0x000000009b400000, 0x000000009b400000|100%| O|  |TAMS 0x000000009b400000, 0x000000009b300000| Untracked 
| 436|0x000000009b400000, 0x000000009b500000, 0x000000009b500000|100%| O|  |TAMS 0x000000009b500000, 0x000000009b400000| Updating 
| 437|0x000000009b500000, 0x000000009b600000, 0x000000009b600000|100%| O|  |TAMS 0x000000009b600000, 0x000000009b500000| Updating 
| 438|0x000000009b600000, 0x000000009b700000, 0x000000009b700000|100%| O|  |TAMS 0x000000009b700000, 0x000000009b600000| Updating 
| 439|0x000000009b700000, 0x000000009b800000, 0x000000009b800000|100%| O|  |TAMS 0x000000009b800000, 0x000000009b700000| Updating 
| 440|0x000000009b800000, 0x000000009b900000, 0x000000009b900000|100%| O|  |TAMS 0x000000009b900000, 0x000000009b800000| Updating 
| 441|0x000000009b900000, 0x000000009ba00000, 0x000000009ba00000|100%| O|  |TAMS 0x000000009ba00000, 0x000000009b900000| Updating 
| 442|0x000000009ba00000, 0x000000009bb00000, 0x000000009bb00000|100%| O|  |TAMS 0x000000009bb00000, 0x000000009ba00000| Updating 
| 443|0x000000009bb00000, 0x000000009bc00000, 0x000000009bc00000|100%| O|  |TAMS 0x000000009bc00000, 0x000000009bb00000| Updating 
| 444|0x000000009bc00000, 0x000000009bd00000, 0x000000009bd00000|100%| O|  |TAMS 0x000000009bd00000, 0x000000009bc00000| Updating 
| 445|0x000000009bd00000, 0x000000009be00000, 0x000000009be00000|100%| O|  |TAMS 0x000000009be00000, 0x000000009bd00000| Updating 
| 446|0x000000009be00000, 0x000000009bf00000, 0x000000009bf00000|100%| O|  |TAMS 0x000000009bf00000, 0x000000009be00000| Updating 
| 447|0x000000009bf00000, 0x000000009c000000, 0x000000009c000000|100%| O|  |TAMS 0x000000009c000000, 0x000000009bf00000| Updating 
| 448|0x000000009c000000, 0x000000009c100000, 0x000000009c100000|100%| O|  |TAMS 0x000000009c100000, 0x000000009c000000| Updating 
| 449|0x000000009c100000, 0x000000009c200000, 0x000000009c200000|100%| O|  |TAMS 0x000000009c200000, 0x000000009c100000| Updating 
| 450|0x000000009c200000, 0x000000009c300000, 0x000000009c300000|100%| O|  |TAMS 0x000000009c300000, 0x000000009c200000| Updating 
| 451|0x000000009c300000, 0x000000009c400000, 0x000000009c400000|100%| O|  |TAMS 0x000000009c400000, 0x000000009c300000| Updating 
| 452|0x000000009c400000, 0x000000009c500000, 0x000000009c500000|100%| O|  |TAMS 0x000000009c500000, 0x000000009c400000| Updating 
| 453|0x000000009c500000, 0x000000009c600000, 0x000000009c600000|100%| O|  |TAMS 0x000000009c600000, 0x000000009c500000| Updating 
| 454|0x000000009c600000, 0x000000009c700000, 0x000000009c700000|100%| O|  |TAMS 0x000000009c700000, 0x000000009c600000| Updating 
| 455|0x000000009c700000, 0x000000009c800000, 0x000000009c800000|100%| O|  |TAMS 0x000000009c800000, 0x000000009c700000| Updating 
| 456|0x000000009c800000, 0x000000009c900000, 0x000000009c900000|100%| O|  |TAMS 0x000000009c900000, 0x000000009c800000| Updating 
| 457|0x000000009c900000, 0x000000009ca00000, 0x000000009ca00000|100%| O|  |TAMS 0x000000009ca00000, 0x000000009c900000| Updating 
| 458|0x000000009ca00000, 0x000000009cb00000, 0x000000009cb00000|100%| O|  |TAMS 0x000000009cb00000, 0x000000009ca00000| Updating 
| 459|0x000000009cb00000, 0x000000009cc00000, 0x000000009cc00000|100%| O|  |TAMS 0x000000009cc00000, 0x000000009cb00000| Untracked 
| 460|0x000000009cc00000, 0x000000009cd00000, 0x000000009cd00000|100%| O|  |TAMS 0x000000009cd00000, 0x000000009cc00000| Updating 
| 461|0x000000009cd00000, 0x000000009ce00000, 0x000000009ce00000|100%| O|  |TAMS 0x000000009ce00000, 0x000000009cd00000| Updating 
| 462|0x000000009ce00000, 0x000000009cf00000, 0x000000009cf00000|100%| O|  |TAMS 0x000000009cf00000, 0x000000009ce00000| Updating 
| 463|0x000000009cf00000, 0x000000009d000000, 0x000000009d000000|100%| O|  |TAMS 0x000000009d000000, 0x000000009cf00000| Updating 
| 464|0x000000009d000000, 0x000000009d100000, 0x000000009d100000|100%| O|  |TAMS 0x000000009d100000, 0x000000009d000000| Updating 
| 465|0x000000009d100000, 0x000000009d200000, 0x000000009d200000|100%| O|  |TAMS 0x000000009d200000, 0x000000009d100000| Updating 
| 466|0x000000009d200000, 0x000000009d300000, 0x000000009d300000|100%| O|  |TAMS 0x000000009d300000, 0x000000009d200000| Updating 
| 467|0x000000009d300000, 0x000000009d400000, 0x000000009d400000|100%| O|  |TAMS 0x000000009d400000, 0x000000009d300000| Updating 
| 468|0x000000009d400000, 0x000000009d500000, 0x000000009d500000|100%| O|  |TAMS 0x000000009d500000, 0x000000009d400000| Updating 
| 469|0x000000009d500000, 0x000000009d600000, 0x000000009d600000|100%| O|  |TAMS 0x000000009d600000, 0x000000009d500000| Updating 
| 470|0x000000009d600000, 0x000000009d700000, 0x000000009d700000|100%| O|  |TAMS 0x000000009d700000, 0x000000009d600000| Updating 
| 471|0x000000009d700000, 0x000000009d800000, 0x000000009d800000|100%| O|  |TAMS 0x000000009d800000, 0x000000009d700000| Updating 
| 472|0x000000009d800000, 0x000000009d900000, 0x000000009d900000|100%| O|  |TAMS 0x000000009d900000, 0x000000009d800000| Updating 
| 473|0x000000009d900000, 0x000000009da00000, 0x000000009da00000|100%| O|  |TAMS 0x000000009da00000, 0x000000009d900000| Untracked 
| 474|0x000000009da00000, 0x000000009db00000, 0x000000009db00000|100%| O|  |TAMS 0x000000009db00000, 0x000000009da00000| Updating 
| 475|0x000000009db00000, 0x000000009dc00000, 0x000000009dc00000|100%| O|  |TAMS 0x000000009dc00000, 0x000000009db00000| Untracked 
| 476|0x000000009dc00000, 0x000000009dd00000, 0x000000009dd00000|100%| O|  |TAMS 0x000000009dd00000, 0x000000009dc00000| Untracked 
| 477|0x000000009dd00000, 0x000000009de00000, 0x000000009de00000|100%| O|  |TAMS 0x000000009de00000, 0x000000009dd00000| Untracked 
| 478|0x000000009de00000, 0x000000009df00000, 0x000000009df00000|100%| O|  |TAMS 0x000000009df00000, 0x000000009de00000| Untracked 
| 479|0x000000009df00000, 0x000000009e000000, 0x000000009e000000|100%| O|  |TAMS 0x000000009e000000, 0x000000009df00000| Updating 
| 480|0x000000009e000000, 0x000000009e100000, 0x000000009e100000|100%| O|  |TAMS 0x000000009e100000, 0x000000009e000000| Untracked 
| 481|0x000000009e100000, 0x000000009e200000, 0x000000009e200000|100%| O|  |TAMS 0x000000009e200000, 0x000000009e100000| Updating 
| 482|0x000000009e200000, 0x000000009e300000, 0x000000009e300000|100%| O|  |TAMS 0x000000009e300000, 0x000000009e200000| Untracked 
| 483|0x000000009e300000, 0x000000009e400000, 0x000000009e400000|100%| O|  |TAMS 0x000000009e400000, 0x000000009e300000| Updating 
| 484|0x000000009e400000, 0x000000009e500000, 0x000000009e500000|100%| O|  |TAMS 0x000000009e500000, 0x000000009e400000| Untracked 
| 485|0x000000009e500000, 0x000000009e600000, 0x000000009e600000|100%| O|  |TAMS 0x000000009e600000, 0x000000009e500000| Untracked 
| 486|0x000000009e600000, 0x000000009e700000, 0x000000009e700000|100%| O|  |TAMS 0x000000009e700000, 0x000000009e600000| Untracked 
| 487|0x000000009e700000, 0x000000009e800000, 0x000000009e800000|100%| O|  |TAMS 0x000000009e800000, 0x000000009e700000| Untracked 
| 488|0x000000009e800000, 0x000000009e900000, 0x000000009e900000|100%| O|  |TAMS 0x000000009e900000, 0x000000009e800000| Updating 
| 489|0x000000009e900000, 0x000000009ea00000, 0x000000009ea00000|100%| O|  |TAMS 0x000000009ea00000, 0x000000009e900000| Untracked 
| 490|0x000000009ea00000, 0x000000009eb00000, 0x000000009eb00000|100%| O|  |TAMS 0x000000009eb00000, 0x000000009ea00000| Untracked 
| 491|0x000000009eb00000, 0x000000009ec00000, 0x000000009ec00000|100%| O|  |TAMS 0x000000009ec00000, 0x000000009eb00000| Updating 
| 492|0x000000009ec00000, 0x000000009ed00000, 0x000000009ed00000|100%| O|  |TAMS 0x000000009ed00000, 0x000000009ec00000| Untracked 
| 493|0x000000009ed00000, 0x000000009ee00000, 0x000000009ee00000|100%| O|  |TAMS 0x000000009ee00000, 0x000000009ed00000| Untracked 
| 494|0x000000009ee00000, 0x000000009ef00000, 0x000000009ef00000|100%| O|  |TAMS 0x000000009ef00000, 0x000000009ee00000| Updating 
| 495|0x000000009ef00000, 0x000000009f000000, 0x000000009f000000|100%| O|  |TAMS 0x000000009f000000, 0x000000009ef00000| Updating 
| 496|0x000000009f000000, 0x000000009f100000, 0x000000009f100000|100%| O|  |TAMS 0x000000009f100000, 0x000000009f000000| Untracked 
| 497|0x000000009f100000, 0x000000009f200000, 0x000000009f200000|100%| O|  |TAMS 0x000000009f200000, 0x000000009f100000| Untracked 
| 498|0x000000009f200000, 0x000000009f300000, 0x000000009f300000|100%| O|  |TAMS 0x000000009f300000, 0x000000009f200000| Untracked 
| 499|0x000000009f300000, 0x000000009f400000, 0x000000009f400000|100%| O|  |TAMS 0x000000009f400000, 0x000000009f300000| Updating 
| 500|0x000000009f400000, 0x000000009f500000, 0x000000009f500000|100%| O|  |TAMS 0x000000009f500000, 0x000000009f400000| Updating 
| 501|0x000000009f500000, 0x000000009f600000, 0x000000009f600000|100%| O|  |TAMS 0x000000009f600000, 0x000000009f500000| Updating 
| 502|0x000000009f600000, 0x000000009f700000, 0x000000009f700000|100%| O|  |TAMS 0x000000009f700000, 0x000000009f600000| Untracked 
| 503|0x000000009f700000, 0x000000009f800000, 0x000000009f800000|100%| O|  |TAMS 0x000000009f800000, 0x000000009f700000| Untracked 
| 504|0x000000009f800000, 0x000000009f900000, 0x000000009f900000|100%| O|  |TAMS 0x000000009f900000, 0x000000009f800000| Untracked 
| 505|0x000000009f900000, 0x000000009fa00000, 0x000000009fa00000|100%| O|  |TAMS 0x000000009fa00000, 0x000000009f900000| Updating 
| 506|0x000000009fa00000, 0x000000009fb00000, 0x000000009fb00000|100%| O|  |TAMS 0x000000009fb00000, 0x000000009fa00000| Untracked 
| 507|0x000000009fb00000, 0x000000009fc00000, 0x000000009fc00000|100%| O|  |TAMS 0x000000009fc00000, 0x000000009fb00000| Untracked 
| 508|0x000000009fc00000, 0x000000009fd00000, 0x000000009fd00000|100%| O|  |TAMS 0x000000009fd00000, 0x000000009fc00000| Untracked 
| 509|0x000000009fd00000, 0x000000009fe00000, 0x000000009fe00000|100%| O|  |TAMS 0x000000009fe00000, 0x000000009fd00000| Untracked 
| 510|0x000000009fe00000, 0x000000009ff00000, 0x000000009ff00000|100%| O|  |TAMS 0x000000009ff00000, 0x000000009fe00000| Untracked 
| 511|0x000000009ff00000, 0x00000000a0000000, 0x00000000a0000000|100%| O|  |TAMS 0x00000000a0000000, 0x000000009ff00000| Updating 
| 512|0x00000000a0000000, 0x00000000a0100000, 0x00000000a0100000|100%| O|  |TAMS 0x00000000a0100000, 0x00000000a0000000| Untracked 
| 513|0x00000000a0100000, 0x00000000a0200000, 0x00000000a0200000|100%| O|  |TAMS 0x00000000a0200000, 0x00000000a0100000| Untracked 
| 514|0x00000000a0200000, 0x00000000a0300000, 0x00000000a0300000|100%| O|  |TAMS 0x00000000a0300000, 0x00000000a0200000| Untracked 
| 515|0x00000000a0300000, 0x00000000a0400000, 0x00000000a0400000|100%| O|  |TAMS 0x00000000a0400000, 0x00000000a0300000| Updating 
| 516|0x00000000a0400000, 0x00000000a0500000, 0x00000000a0500000|100%| O|  |TAMS 0x00000000a0500000, 0x00000000a0400000| Updating 
| 517|0x00000000a0500000, 0x00000000a0600000, 0x00000000a0600000|100%| O|  |TAMS 0x00000000a0600000, 0x00000000a0500000| Untracked 
| 518|0x00000000a0600000, 0x00000000a0700000, 0x00000000a0700000|100%| O|  |TAMS 0x00000000a0700000, 0x00000000a0600000| Untracked 
| 519|0x00000000a0700000, 0x00000000a0800000, 0x00000000a0800000|100%| O|  |TAMS 0x00000000a0800000, 0x00000000a0700000| Untracked 
| 520|0x00000000a0800000, 0x00000000a0900000, 0x00000000a0900000|100%| O|  |TAMS 0x00000000a0900000, 0x00000000a0800000| Updating 
| 521|0x00000000a0900000, 0x00000000a0a00000, 0x00000000a0a00000|100%| O|  |TAMS 0x00000000a0a00000, 0x00000000a0900000| Updating 
| 522|0x00000000a0a00000, 0x00000000a0b00000, 0x00000000a0b00000|100%| O|  |TAMS 0x00000000a0b00000, 0x00000000a0a00000| Untracked 
| 523|0x00000000a0b00000, 0x00000000a0c00000, 0x00000000a0c00000|100%| O|  |TAMS 0x00000000a0c00000, 0x00000000a0b00000| Updating 
| 524|0x00000000a0c00000, 0x00000000a0d00000, 0x00000000a0d00000|100%| O|  |TAMS 0x00000000a0d00000, 0x00000000a0c00000| Untracked 
| 525|0x00000000a0d00000, 0x00000000a0e00000, 0x00000000a0e00000|100%| O|  |TAMS 0x00000000a0e00000, 0x00000000a0d00000| Updating 
| 526|0x00000000a0e00000, 0x00000000a0f00000, 0x00000000a0f00000|100%| O|  |TAMS 0x00000000a0f00000, 0x00000000a0e00000| Updating 
| 527|0x00000000a0f00000, 0x00000000a1000000, 0x00000000a1000000|100%| O|  |TAMS 0x00000000a1000000, 0x00000000a0f00000| Untracked 
| 528|0x00000000a1000000, 0x00000000a1100000, 0x00000000a1100000|100%| O|  |TAMS 0x00000000a1100000, 0x00000000a1000000| Updating 
| 529|0x00000000a1100000, 0x00000000a1200000, 0x00000000a1200000|100%| O|  |TAMS 0x00000000a1200000, 0x00000000a1100000| Untracked 
| 530|0x00000000a1200000, 0x00000000a1300000, 0x00000000a1300000|100%| O|  |TAMS 0x00000000a1300000, 0x00000000a1200000| Untracked 
| 531|0x00000000a1300000, 0x00000000a1400000, 0x00000000a1400000|100%| O|  |TAMS 0x00000000a1400000, 0x00000000a1300000| Updating 
| 532|0x00000000a1400000, 0x00000000a1500000, 0x00000000a1500000|100%| O|  |TAMS 0x00000000a1500000, 0x00000000a1400000| Untracked 
| 533|0x00000000a1500000, 0x00000000a1600000, 0x00000000a1600000|100%| O|  |TAMS 0x00000000a1600000, 0x00000000a1500000| Untracked 
| 534|0x00000000a1600000, 0x00000000a1700000, 0x00000000a1700000|100%| O|  |TAMS 0x00000000a1700000, 0x00000000a1600000| Untracked 
| 535|0x00000000a1700000, 0x00000000a1800000, 0x00000000a1800000|100%| O|  |TAMS 0x00000000a1800000, 0x00000000a1700000| Untracked 
| 536|0x00000000a1800000, 0x00000000a1900000, 0x00000000a1900000|100%| O|  |TAMS 0x00000000a1900000, 0x00000000a1800000| Untracked 
| 537|0x00000000a1900000, 0x00000000a1a00000, 0x00000000a1a00000|100%| O|  |TAMS 0x00000000a1a00000, 0x00000000a1900000| Untracked 
| 538|0x00000000a1a00000, 0x00000000a1b00000, 0x00000000a1b00000|100%| O|  |TAMS 0x00000000a1b00000, 0x00000000a1a00000| Updating 
| 539|0x00000000a1b00000, 0x00000000a1c00000, 0x00000000a1c00000|100%| O|  |TAMS 0x00000000a1c00000, 0x00000000a1b00000| Untracked 
| 540|0x00000000a1c00000, 0x00000000a1d00000, 0x00000000a1d00000|100%| O|  |TAMS 0x00000000a1d00000, 0x00000000a1c00000| Untracked 
| 541|0x00000000a1d00000, 0x00000000a1e00000, 0x00000000a1e00000|100%| O|  |TAMS 0x00000000a1e00000, 0x00000000a1d00000| Untracked 
| 542|0x00000000a1e00000, 0x00000000a1f00000, 0x00000000a1f00000|100%| O|  |TAMS 0x00000000a1f00000, 0x00000000a1e00000| Untracked 
| 543|0x00000000a1f00000, 0x00000000a2000000, 0x00000000a2000000|100%| O|  |TAMS 0x00000000a1fa3000, 0x00000000a1f00000| Updating 
| 544|0x00000000a2000000, 0x00000000a2100000, 0x00000000a2100000|100%| O|  |TAMS 0x00000000a2000000, 0x00000000a2000000| Untracked 
| 545|0x00000000a2100000, 0x00000000a2200000, 0x00000000a2200000|100%| O|  |TAMS 0x00000000a2100000, 0x00000000a2100000| Untracked 
| 546|0x00000000a2200000, 0x00000000a2300000, 0x00000000a2300000|100%| O|  |TAMS 0x00000000a2200000, 0x00000000a2200000| Untracked 
| 547|0x00000000a2300000, 0x00000000a2375400, 0x00000000a2400000| 45%| O|  |TAMS 0x00000000a2300000, 0x00000000a2300000| Updating 
| 548|0x00000000a2400000, 0x00000000a2400000, 0x00000000a2500000|  0%| F|  |TAMS 0x00000000a2400000, 0x00000000a2400000| Untracked 
| 549|0x00000000a2500000, 0x00000000a2500000, 0x00000000a2600000|  0%| F|  |TAMS 0x00000000a2500000, 0x00000000a2500000| Untracked 
| 550|0x00000000a2600000, 0x00000000a2600000, 0x00000000a2700000|  0%| F|  |TAMS 0x00000000a2600000, 0x00000000a2600000| Untracked 
| 551|0x00000000a2700000, 0x00000000a2700000, 0x00000000a2800000|  0%| F|  |TAMS 0x00000000a2700000, 0x00000000a2700000| Untracked 
| 552|0x00000000a2800000, 0x00000000a2800000, 0x00000000a2900000|  0%| F|  |TAMS 0x00000000a2800000, 0x00000000a2800000| Untracked 
| 553|0x00000000a2900000, 0x00000000a2900000, 0x00000000a2a00000|  0%| F|  |TAMS 0x00000000a2900000, 0x00000000a2900000| Untracked 
| 554|0x00000000a2a00000, 0x00000000a2a00000, 0x00000000a2b00000|  0%| F|  |TAMS 0x00000000a2a00000, 0x00000000a2a00000| Untracked 
| 555|0x00000000a2b00000, 0x00000000a2b00000, 0x00000000a2c00000|  0%| F|  |TAMS 0x00000000a2b00000, 0x00000000a2b00000| Untracked 
| 556|0x00000000a2c00000, 0x00000000a2c00000, 0x00000000a2d00000|  0%| F|  |TAMS 0x00000000a2c00000, 0x00000000a2c00000| Untracked 
| 557|0x00000000a2d00000, 0x00000000a2d00000, 0x00000000a2e00000|  0%| F|  |TAMS 0x00000000a2d00000, 0x00000000a2d00000| Untracked 
| 558|0x00000000a2e00000, 0x00000000a2e00000, 0x00000000a2f00000|  0%| F|  |TAMS 0x00000000a2e00000, 0x00000000a2e00000| Untracked 
| 559|0x00000000a2f00000, 0x00000000a2f00000, 0x00000000a3000000|  0%| F|  |TAMS 0x00000000a2f00000, 0x00000000a2f00000| Untracked 
| 560|0x00000000a3000000, 0x00000000a3000000, 0x00000000a3100000|  0%| F|  |TAMS 0x00000000a3000000, 0x00000000a3000000| Untracked 
| 561|0x00000000a3100000, 0x00000000a3100000, 0x00000000a3200000|  0%| F|  |TAMS 0x00000000a3100000, 0x00000000a3100000| Untracked 
| 562|0x00000000a3200000, 0x00000000a3200000, 0x00000000a3300000|  0%| F|  |TAMS 0x00000000a3200000, 0x00000000a3200000| Untracked 
| 563|0x00000000a3300000, 0x00000000a3300000, 0x00000000a3400000|  0%| F|  |TAMS 0x00000000a3300000, 0x00000000a3300000| Untracked 
| 564|0x00000000a3400000, 0x00000000a3400000, 0x00000000a3500000|  0%| F|  |TAMS 0x00000000a3400000, 0x00000000a3400000| Untracked 
| 565|0x00000000a3500000, 0x00000000a3500000, 0x00000000a3600000|  0%| F|  |TAMS 0x00000000a3500000, 0x00000000a3500000| Untracked 
| 566|0x00000000a3600000, 0x00000000a3600000, 0x00000000a3700000|  0%| F|  |TAMS 0x00000000a3600000, 0x00000000a3600000| Untracked 
| 567|0x00000000a3700000, 0x00000000a3700000, 0x00000000a3800000|  0%| F|  |TAMS 0x00000000a3700000, 0x00000000a3700000| Untracked 
| 568|0x00000000a3800000, 0x00000000a3800000, 0x00000000a3900000|  0%| F|  |TAMS 0x00000000a3800000, 0x00000000a3800000| Untracked 
| 569|0x00000000a3900000, 0x00000000a3900000, 0x00000000a3a00000|  0%| F|  |TAMS 0x00000000a3900000, 0x00000000a3900000| Untracked 
| 570|0x00000000a3a00000, 0x00000000a3a00000, 0x00000000a3b00000|  0%| F|  |TAMS 0x00000000a3a00000, 0x00000000a3a00000| Untracked 
| 571|0x00000000a3b00000, 0x00000000a3b00000, 0x00000000a3c00000|  0%| F|  |TAMS 0x00000000a3b00000, 0x00000000a3b00000| Untracked 
| 572|0x00000000a3c00000, 0x00000000a3c00000, 0x00000000a3d00000|  0%| F|  |TAMS 0x00000000a3c00000, 0x00000000a3c00000| Untracked 
| 573|0x00000000a3d00000, 0x00000000a3d00000, 0x00000000a3e00000|  0%| F|  |TAMS 0x00000000a3d00000, 0x00000000a3d00000| Untracked 
| 574|0x00000000a3e00000, 0x00000000a3e00000, 0x00000000a3f00000|  0%| F|  |TAMS 0x00000000a3e00000, 0x00000000a3e00000| Untracked 
| 575|0x00000000a3f00000, 0x00000000a4000000, 0x00000000a4000000|100%| S|CS|TAMS 0x00000000a3f00000, 0x00000000a3f00000| Complete 
| 576|0x00000000a4000000, 0x00000000a4100000, 0x00000000a4100000|100%| S|CS|TAMS 0x00000000a4000000, 0x00000000a4000000| Complete 
| 577|0x00000000a4100000, 0x00000000a4200000, 0x00000000a4200000|100%| S|CS|TAMS 0x00000000a4100000, 0x00000000a4100000| Complete 
| 578|0x00000000a4200000, 0x00000000a4300000, 0x00000000a4300000|100%| S|CS|TAMS 0x00000000a4200000, 0x00000000a4200000| Complete 
| 579|0x00000000a4300000, 0x00000000a4300000, 0x00000000a4400000|  0%| F|  |TAMS 0x00000000a4300000, 0x00000000a4300000| Untracked 
| 580|0x00000000a4400000, 0x00000000a4400000, 0x00000000a4500000|  0%| F|  |TAMS 0x00000000a4400000, 0x00000000a4400000| Untracked 
| 581|0x00000000a4500000, 0x00000000a4500000, 0x00000000a4600000|  0%| F|  |TAMS 0x00000000a4500000, 0x00000000a4500000| Untracked 
| 582|0x00000000a4600000, 0x00000000a4600000, 0x00000000a4700000|  0%| F|  |TAMS 0x00000000a4600000, 0x00000000a4600000| Untracked 
| 583|0x00000000a4700000, 0x00000000a4700000, 0x00000000a4800000|  0%| F|  |TAMS 0x00000000a4700000, 0x00000000a4700000| Untracked 
| 584|0x00000000a4800000, 0x00000000a4800000, 0x00000000a4900000|  0%| F|  |TAMS 0x00000000a4800000, 0x00000000a4800000| Untracked 
| 585|0x00000000a4900000, 0x00000000a4900000, 0x00000000a4a00000|  0%| F|  |TAMS 0x00000000a4900000, 0x00000000a4900000| Untracked 
| 586|0x00000000a4a00000, 0x00000000a4a00000, 0x00000000a4b00000|  0%| F|  |TAMS 0x00000000a4a00000, 0x00000000a4a00000| Untracked 
| 587|0x00000000a4b00000, 0x00000000a4b00000, 0x00000000a4c00000|  0%| F|  |TAMS 0x00000000a4b00000, 0x00000000a4b00000| Untracked 
| 588|0x00000000a4c00000, 0x00000000a4ce7938, 0x00000000a4d00000| 90%| E|  |TAMS 0x00000000a4c00000, 0x00000000a4c00000| Complete 
| 589|0x00000000a4d00000, 0x00000000a4e00000, 0x00000000a4e00000|100%| E|CS|TAMS 0x00000000a4d00000, 0x00000000a4d00000| Complete 
| 590|0x00000000a4e00000, 0x00000000a4f00000, 0x00000000a4f00000|100%| E|CS|TAMS 0x00000000a4e00000, 0x00000000a4e00000| Complete 
| 591|0x00000000a4f00000, 0x00000000a5000000, 0x00000000a5000000|100%| E|CS|TAMS 0x00000000a4f00000, 0x00000000a4f00000| Complete 
| 592|0x00000000a5000000, 0x00000000a5100000, 0x00000000a5100000|100%| E|CS|TAMS 0x00000000a5000000, 0x00000000a5000000| Complete 
| 593|0x00000000a5100000, 0x00000000a5200000, 0x00000000a5200000|100%| E|CS|TAMS 0x00000000a5100000, 0x00000000a5100000| Complete 
| 594|0x00000000a5200000, 0x00000000a5300000, 0x00000000a5300000|100%| E|CS|TAMS 0x00000000a5200000, 0x00000000a5200000| Complete 
| 595|0x00000000a5300000, 0x00000000a5400000, 0x00000000a5400000|100%| E|CS|TAMS 0x00000000a5300000, 0x00000000a5300000| Complete 
| 596|0x00000000a5400000, 0x00000000a5500000, 0x00000000a5500000|100%| E|CS|TAMS 0x00000000a5400000, 0x00000000a5400000| Complete 
| 597|0x00000000a5500000, 0x00000000a5600000, 0x00000000a5600000|100%| E|CS|TAMS 0x00000000a5500000, 0x00000000a5500000| Complete 
| 598|0x00000000a5600000, 0x00000000a5700000, 0x00000000a5700000|100%| E|CS|TAMS 0x00000000a5600000, 0x00000000a5600000| Complete 
| 599|0x00000000a5700000, 0x00000000a5800000, 0x00000000a5800000|100%| E|CS|TAMS 0x00000000a5700000, 0x00000000a5700000| Complete 
| 600|0x00000000a5800000, 0x00000000a5900000, 0x00000000a5900000|100%| E|CS|TAMS 0x00000000a5800000, 0x00000000a5800000| Complete 
| 601|0x00000000a5900000, 0x00000000a5a00000, 0x00000000a5a00000|100%| E|CS|TAMS 0x00000000a5900000, 0x00000000a5900000| Complete 
| 602|0x00000000a5a00000, 0x00000000a5b00000, 0x00000000a5b00000|100%| E|CS|TAMS 0x00000000a5a00000, 0x00000000a5a00000| Complete 
| 603|0x00000000a5b00000, 0x00000000a5c00000, 0x00000000a5c00000|100%| E|CS|TAMS 0x00000000a5b00000, 0x00000000a5b00000| Complete 
| 604|0x00000000a5c00000, 0x00000000a5d00000, 0x00000000a5d00000|100%| E|CS|TAMS 0x00000000a5c00000, 0x00000000a5c00000| Complete 
| 605|0x00000000a5d00000, 0x00000000a5e00000, 0x00000000a5e00000|100%| E|CS|TAMS 0x00000000a5d00000, 0x00000000a5d00000| Complete 

Card table byte_map: [0x000002b665480000,0x000002b665880000] _byte_map_base: 0x000002b665080000

Marking Bits (Prev, Next): (CMBitMap*) 0x000002b64e260380, (CMBitMap*) 0x000002b64e260340
 Prev Bits: [0x000002b667c80000, 0x000002b669c80000)
 Next Bits: [0x000002b665c80000, 0x000002b667c80000)

Polling page: 0x000002b64d9b0000

Metaspace:

Usage:
  Non-class:    122.55 MB used.
      Class:     19.02 MB used.
       Both:    141.58 MB used.

Virtual space:
  Non-class space:      128.00 MB reserved,     124.19 MB ( 97%) committed,  2 nodes.
      Class space:      416.00 MB reserved,      20.44 MB (  5%) committed,  1 nodes.
             Both:      544.00 MB reserved,     144.62 MB ( 27%) committed. 

Chunk freelists:
   Non-Class:  3.73 MB
       Class:  11.64 MB
        Both:  15.37 MB

MaxMetaspaceSize: 512.00 MB
CompressedClassSpaceSize: 416.00 MB
Initial GC threshold: 21.00 MB
Current GC threshold: 177.94 MB
CDS: on
MetaspaceReclaimPolicy: balanced
 - commit_granule_bytes: 65536.
 - commit_granule_words: 8192.
 - virtual_space_node_default_size: 8388608.
 - enlarge_chunks_in_place: 1.
 - new_chunks_are_fully_committed: 0.
 - uncommit_free_chunks: 1.
 - use_allocation_guard: 0.
 - handle_deallocations: 1.


Internal statistics:

num_allocs_failed_limit: 12.
num_arena_births: 4660.
num_arena_deaths: 90.
num_vsnodes_births: 3.
num_vsnodes_deaths: 0.
num_space_committed: 2312.
num_space_uncommitted: 0.
num_chunks_returned_to_freelist: 156.
num_chunks_taken_from_freelist: 12221.
num_chunk_merges: 45.
num_chunk_splits: 7326.
num_chunks_enlarged: 3810.
num_inconsistent_stats: 0.

CodeHeap 'non-profiled nmethods': size=120000Kb used=22213Kb max_used=22742Kb free=97786Kb
 bounds [0x000002b65d820000, 0x000002b65ee60000, 0x000002b664d50000]
CodeHeap 'profiled nmethods': size=120000Kb used=44623Kb max_used=45253Kb free=75376Kb
 bounds [0x000002b655d50000, 0x000002b658990000, 0x000002b65d280000]
CodeHeap 'non-nmethods': size=5760Kb used=1860Kb max_used=2000Kb free=3900Kb
 bounds [0x000002b65d280000, 0x000002b65d4f0000, 0x000002b65d820000]
 total_blobs=23749 nmethods=22775 adapters=885
 compilation: enabled
              stopped_count=0, restarted_count=0
 full_count=0

Compilation events (20 events):
Event: 410.869 Thread 0x000002b66c8ab1b0 nmethod 28790 0x000002b656184a10 code [0x000002b656184c00, 0x000002b656185368]
Event: 410.877 Thread 0x000002b66c8ab1b0 28791       3       org.gradle.internal.instrumentation.api.groovybytecode.MethodHandleInvocation::callNext (12 bytes)
Event: 410.879 Thread 0x000002b66c8ab1b0 nmethod 28791 0x000002b6560e6e10 code [0x000002b6560e7020, 0x000002b6560e7618]
Event: 410.918 Thread 0x000002b66c8ab1b0 28792       3       org.gradle.api.internal.artifacts.repositories.DefaultMavenArtifactRepository_Decorated::setName (12 bytes)
Event: 410.920 Thread 0x000002b66c8ab1b0 nmethod 28792 0x000002b65622be90 code [0x000002b65622c060, 0x000002b65622c4a8]
Event: 410.920 Thread 0x000002b66c8ab1b0 28793       3       org.apache.commons.lang3.StringUtils::split (8 bytes)
Event: 410.921 Thread 0x000002b66c8ab1b0 nmethod 28793 0x000002b655dbdb90 code [0x000002b655dbdd40, 0x000002b655dbde68]
Event: 410.921 Thread 0x000002b66c8ab1b0 28794       3       org.gradle.plugin.management.internal.PluginRequests$EmptyPluginRequests::mergeWith (2 bytes)
Event: 410.922 Thread 0x000002b66c8ab1b0 nmethod 28794 0x000002b655fc9510 code [0x000002b655fc96a0, 0x000002b655fc97b8]
Event: 411.152 Thread 0x000002b66c847550 nmethod 28778 0x000002b65e337510 code [0x000002b65e337a00, 0x000002b65e33ced0]
Event: 411.153 Thread 0x000002b66c847550 28785       4       org.codehaus.groovy.runtime.DefaultGroovyMethods::any (42 bytes)
Event: 411.172 Thread 0x000002b61c435470 nmethod 28779 0x000002b65e823490 code [0x000002b65e823980, 0x000002b65e828e10]
Event: 411.173 Thread 0x000002b61c435470 28795       4       org.gradle.api.internal.artifacts.ivyservice.ivyresolve.ErrorHandlingModuleComponentRepository::getName (10 bytes)
Event: 411.176 Thread 0x000002b61c435470 nmethod 28795 0x000002b65e455590 code [0x000002b65e455740, 0x000002b65e4558f8]
Event: 411.176 Thread 0x000002b61c435470 28783       4       java.lang.invoke.LambdaForm$MH/0x000002b601544400::invoke (46 bytes)
Event: 411.179 Thread 0x000002b61c435470 nmethod 28783 0x000002b65e5a1210 code [0x000002b65e5a13c0, 0x000002b65e5a1548]
Event: 411.179 Thread 0x000002b61c435470 28786       4       java.util.stream.Sink$ChainedInt::end (10 bytes)
Event: 411.180 Thread 0x000002b61c435470 nmethod 28786 0x000002b65d85ec90 code [0x000002b65d85ee20, 0x000002b65d85ef18]
Event: 411.180 Thread 0x000002b61c435470 28784       4       org.codehaus.groovy.runtime.dgm$14::doMethodInvoke (23 bytes)
Event: 411.236 Thread 0x000002b61c436f00 nmethod 28771 0x000002b65e88a790 code [0x000002b65e88ad80, 0x000002b65e891850]

GC Heap History (20 events):
Event: 405.006 GC heap before
{Heap before GC invocations=145 (full 0):
 garbage-first heap   total 620544K, used 545260K [0x0000000080000000, 0x0000000100000000)
  region size 1024K, 38 young (38912K), 6 survivors (6144K)
 Metaspace       used 144636K, committed 147584K, reserved 557056K
  class space    used 19479K, committed 20864K, reserved 425984K
}
Event: 405.026 GC heap after
{Heap after GC invocations=146 (full 0):
 garbage-first heap   total 620544K, used 517431K [0x0000000080000000, 0x0000000100000000)
  region size 1024K, 5 young (5120K), 5 survivors (5120K)
 Metaspace       used 144636K, committed 147584K, reserved 557056K
  class space    used 19479K, committed 20864K, reserved 425984K
}
Event: 405.646 GC heap before
{Heap before GC invocations=146 (full 0):
 garbage-first heap   total 620544K, used 545079K [0x0000000080000000, 0x0000000100000000)
  region size 1024K, 32 young (32768K), 5 survivors (5120K)
 Metaspace       used 144658K, committed 147584K, reserved 557056K
  class space    used 19482K, committed 20864K, reserved 425984K
}
Event: 405.664 GC heap after
{Heap after GC invocations=147 (full 0):
 garbage-first heap   total 620544K, used 522059K [0x0000000080000000, 0x0000000100000000)
  region size 1024K, 4 young (4096K), 4 survivors (4096K)
 Metaspace       used 144658K, committed 147584K, reserved 557056K
  class space    used 19482K, committed 20864K, reserved 425984K
}
Event: 406.203 GC heap before
{Heap before GC invocations=147 (full 0):
 garbage-first heap   total 620544K, used 548683K [0x0000000080000000, 0x0000000100000000)
  region size 1024K, 30 young (30720K), 4 survivors (4096K)
 Metaspace       used 144721K, committed 147648K, reserved 557056K
  class space    used 19483K, committed 20864K, reserved 425984K
}
Event: 406.221 GC heap after
{Heap after GC invocations=148 (full 0):
 garbage-first heap   total 620544K, used 527886K [0x0000000080000000, 0x0000000100000000)
  region size 1024K, 4 young (4096K), 4 survivors (4096K)
 Metaspace       used 144721K, committed 147648K, reserved 557056K
  class space    used 19483K, committed 20864K, reserved 425984K
}
Event: 406.662 GC heap before
{Heap before GC invocations=148 (full 0):
 garbage-first heap   total 620544K, used 554510K [0x0000000080000000, 0x0000000100000000)
  region size 1024K, 30 young (30720K), 4 survivors (4096K)
 Metaspace       used 144776K, committed 147712K, reserved 557056K
  class space    used 19486K, committed 20864K, reserved 425984K
}
Event: 406.682 GC heap after
{Heap after GC invocations=149 (full 0):
 garbage-first heap   total 620544K, used 533153K [0x0000000080000000, 0x0000000100000000)
  region size 1024K, 4 young (4096K), 4 survivors (4096K)
 Metaspace       used 144776K, committed 147712K, reserved 557056K
  class space    used 19486K, committed 20864K, reserved 425984K
}
Event: 407.349 GC heap before
{Heap before GC invocations=149 (full 0):
 garbage-first heap   total 620544K, used 558753K [0x0000000080000000, 0x0000000100000000)
  region size 1024K, 30 young (30720K), 4 survivors (4096K)
 Metaspace       used 144793K, committed 147712K, reserved 557056K
  class space    used 19487K, committed 20864K, reserved 425984K
}
Event: 407.364 GC heap after
{Heap after GC invocations=150 (full 0):
 garbage-first heap   total 620544K, used 538570K [0x0000000080000000, 0x0000000100000000)
  region size 1024K, 4 young (4096K), 4 survivors (4096K)
 Metaspace       used 144793K, committed 147712K, reserved 557056K
  class space    used 19487K, committed 20864K, reserved 425984K
}
Event: 408.093 GC heap before
{Heap before GC invocations=150 (full 0):
 garbage-first heap   total 620544K, used 564170K [0x0000000080000000, 0x0000000100000000)
  region size 1024K, 30 young (30720K), 4 survivors (4096K)
 Metaspace       used 144830K, committed 147712K, reserved 557056K
  class space    used 19488K, committed 20864K, reserved 425984K
}
Event: 408.107 GC heap after
{Heap after GC invocations=151 (full 0):
 garbage-first heap   total 620544K, used 543096K [0x0000000080000000, 0x0000000100000000)
  region size 1024K, 4 young (4096K), 4 survivors (4096K)
 Metaspace       used 144830K, committed 147712K, reserved 557056K
  class space    used 19488K, committed 20864K, reserved 425984K
}
Event: 408.550 GC heap before
{Heap before GC invocations=151 (full 0):
 garbage-first heap   total 620544K, used 569720K [0x0000000080000000, 0x0000000100000000)
  region size 1024K, 30 young (30720K), 4 survivors (4096K)
 Metaspace       used 144886K, committed 147776K, reserved 557056K
  class space    used 19489K, committed 20864K, reserved 425984K
}
Event: 408.573 GC heap after
{Heap after GC invocations=152 (full 0):
 garbage-first heap   total 620544K, used 548372K [0x0000000080000000, 0x0000000100000000)
  region size 1024K, 4 young (4096K), 4 survivors (4096K)
 Metaspace       used 144886K, committed 147776K, reserved 557056K
  class space    used 19489K, committed 20864K, reserved 425984K
}
Event: 409.078 GC heap before
{Heap before GC invocations=152 (full 0):
 garbage-first heap   total 620544K, used 574996K [0x0000000080000000, 0x0000000100000000)
  region size 1024K, 30 young (30720K), 4 survivors (4096K)
 Metaspace       used 144948K, committed 147904K, reserved 557056K
  class space    used 19490K, committed 20928K, reserved 425984K
}
Event: 409.097 GC heap after
{Heap after GC invocations=153 (full 0):
 garbage-first heap   total 620544K, used 555941K [0x0000000080000000, 0x0000000100000000)
  region size 1024K, 4 young (4096K), 4 survivors (4096K)
 Metaspace       used 144948K, committed 147904K, reserved 557056K
  class space    used 19490K, committed 20928K, reserved 425984K
}
Event: 409.527 GC heap before
{Heap before GC invocations=153 (full 0):
 garbage-first heap   total 620544K, used 582565K [0x0000000080000000, 0x0000000100000000)
  region size 1024K, 30 young (30720K), 4 survivors (4096K)
 Metaspace       used 144988K, committed 147968K, reserved 557056K
  class space    used 19492K, committed 20928K, reserved 425984K
}
Event: 409.541 GC heap after
{Heap after GC invocations=154 (full 0):
 garbage-first heap   total 620544K, used 560362K [0x0000000080000000, 0x0000000100000000)
  region size 1024K, 4 young (4096K), 4 survivors (4096K)
 Metaspace       used 144988K, committed 147968K, reserved 557056K
  class space    used 19492K, committed 20928K, reserved 425984K
}
Event: 410.173 GC heap before
{Heap before GC invocations=154 (full 0):
 garbage-first heap   total 620544K, used 586986K [0x0000000080000000, 0x0000000100000000)
  region size 1024K, 30 young (30720K), 4 survivors (4096K)
 Metaspace       used 145042K, committed 148032K, reserved 557056K
  class space    used 19498K, committed 20928K, reserved 425984K
}
Event: 410.193 GC heap after
{Heap after GC invocations=155 (full 0):
 garbage-first heap   total 620544K, used 564693K [0x0000000080000000, 0x0000000100000000)
  region size 1024K, 4 young (4096K), 4 survivors (4096K)
 Metaspace       used 145042K, committed 148032K, reserved 557056K
  class space    used 19498K, committed 20928K, reserved 425984K
}

Dll operation events (15 events):
Event: 0.037 Loaded shared library C:\Program Files\Eclipse Adoptium\jdk-17.0.16.8-hotspot\bin\java.dll
Event: 0.088 Loaded shared library C:\Program Files\Eclipse Adoptium\jdk-17.0.16.8-hotspot\bin\jsvml.dll
Event: 0.211 Loaded shared library C:\Program Files\Eclipse Adoptium\jdk-17.0.16.8-hotspot\bin\zip.dll
Event: 0.216 Loaded shared library C:\Program Files\Eclipse Adoptium\jdk-17.0.16.8-hotspot\bin\instrument.dll
Event: 0.225 Loaded shared library C:\Program Files\Eclipse Adoptium\jdk-17.0.16.8-hotspot\bin\net.dll
Event: 0.228 Loaded shared library C:\Program Files\Eclipse Adoptium\jdk-17.0.16.8-hotspot\bin\nio.dll
Event: 0.234 Loaded shared library C:\Program Files\Eclipse Adoptium\jdk-17.0.16.8-hotspot\bin\zip.dll
Event: 0.993 Loaded shared library C:\Program Files\Eclipse Adoptium\jdk-17.0.16.8-hotspot\bin\jimage.dll
Event: 1.607 Loaded shared library C:\Program Files\Eclipse Adoptium\jdk-17.0.16.8-hotspot\bin\verify.dll
Event: 1.682 Loaded shared library C:\Users\ansab\.gradle\native\1def1411415f61bf3af743bc5b6707747c0891f09f0c88961ee8f79bc544acac\windows-amd64\native-platform.dll
Event: 1.707 Loaded shared library C:\Users\ansab\.gradle\native\0.2.8\x86_64-windows-gnu\gradle-fileevents.dll
Event: 5.119 Loaded shared library C:\Program Files\Eclipse Adoptium\jdk-17.0.16.8-hotspot\bin\management.dll
Event: 5.124 Loaded shared library C:\Program Files\Eclipse Adoptium\jdk-17.0.16.8-hotspot\bin\management_ext.dll
Event: 5.646 Loaded shared library C:\Program Files\Eclipse Adoptium\jdk-17.0.16.8-hotspot\bin\extnet.dll
Event: 6.065 Loaded shared library C:\Program Files\Eclipse Adoptium\jdk-17.0.16.8-hotspot\bin\sunmscapi.dll

Deoptimization events (20 events):
Event: 407.553 Thread 0x000002b674a811d0 DEOPT PACKING pc=0x000002b65ed823e8 sp=0x000000e7412f7b80
Event: 407.553 Thread 0x000002b674a811d0 DEOPT UNPACKING pc=0x000002b65d2d69a3 sp=0x000000e7412f7b18 mode 2
Event: 408.075 Thread 0x000002b674a811d0 DEOPT PACKING pc=0x000002b657bf2c35 sp=0x000000e7412f9180
Event: 408.075 Thread 0x000002b674a811d0 DEOPT UNPACKING pc=0x000002b65d2d7143 sp=0x000000e7412f87b0 mode 0
Event: 408.526 Thread 0x000002b674a811d0 DEOPT PACKING pc=0x000002b6574c7e91 sp=0x000000e7412f5430
Event: 408.526 Thread 0x000002b674a811d0 DEOPT UNPACKING pc=0x000002b65d2d7143 sp=0x000000e7412f4920 mode 0
Event: 408.939 Thread 0x000002b674a811d0 DEOPT PACKING pc=0x000002b6580984f4 sp=0x000000e7412f7160
Event: 408.939 Thread 0x000002b674a811d0 DEOPT UNPACKING pc=0x000002b65d2d7143 sp=0x000000e7412f6558 mode 0
Event: 409.581 Thread 0x000002b674a811d0 Uncommon trap: trap_request=0xffffffc6 fr.pc=0x000002b65e5bd918 relative=0x0000000000000d38
Event: 409.581 Thread 0x000002b674a811d0 Uncommon trap: reason=bimorphic_or_optimized_type_check action=maybe_recompile pc=0x000002b65e5bd918 method=it.unimi.dsi.fastutil.objects.Object2IntOpenHashMap.getInt(Ljava/lang/Object;)I @ 102 c2
Event: 409.581 Thread 0x000002b674a811d0 DEOPT PACKING pc=0x000002b65e5bd918 sp=0x000000e7412f4340
Event: 409.581 Thread 0x000002b674a811d0 DEOPT UNPACKING pc=0x000002b65d2d69a3 sp=0x000000e7412f40d0 mode 2
Event: 409.581 Thread 0x000002b674a811d0 Uncommon trap: trap_request=0xffffffc6 fr.pc=0x000002b65e5bbed0 relative=0x0000000000000310
Event: 409.581 Thread 0x000002b674a811d0 Uncommon trap: reason=bimorphic_or_optimized_type_check action=maybe_recompile pc=0x000002b65e5bbed0 method=it.unimi.dsi.fastutil.objects.Object2IntOpenHashMap.containsKey(Ljava/lang/Object;)Z @ 71 c2
Event: 409.581 Thread 0x000002b674a811d0 DEOPT PACKING pc=0x000002b65e5bbed0 sp=0x000000e7412f4120
Event: 409.581 Thread 0x000002b674a811d0 DEOPT UNPACKING pc=0x000002b65d2d69a3 sp=0x000000e7412f40c0 mode 2
Event: 409.681 Thread 0x000002b674a811d0 Uncommon trap: trap_request=0xffffffc6 fr.pc=0x000002b65e5bf974 relative=0x0000000000000b54
Event: 409.681 Thread 0x000002b674a811d0 Uncommon trap: reason=bimorphic_or_optimized_type_check action=maybe_recompile pc=0x000002b65e5bf974 method=it.unimi.dsi.fastutil.objects.Object2IntOpenHashMap.getInt(Ljava/lang/Object;)I @ 102 c2
Event: 409.681 Thread 0x000002b674a811d0 DEOPT PACKING pc=0x000002b65e5bf974 sp=0x000000e7412f4950
Event: 409.681 Thread 0x000002b674a811d0 DEOPT UNPACKING pc=0x000002b65d2d69a3 sp=0x000000e7412f47a0 mode 2

Classes loaded (20 events):
Event: 224.587 Loading class java/util/logging/LogRecord
Event: 224.587 Loading class java/util/logging/LogRecord done
Event: 224.924 Loading class java/nio/file/StandardCopyOption
Event: 224.924 Loading class java/nio/file/StandardCopyOption done
Event: 224.925 Loading class sun/nio/fs/WindowsFileCopy
Event: 224.925 Loading class sun/nio/fs/WindowsFileCopy done
Event: 225.467 Loading class java/util/Locale$1
Event: 225.468 Loading class java/util/Locale$1 done
Event: 225.485 Loading class java/net/UrlDeserializedState
Event: 225.486 Loading class java/net/UrlDeserializedState done
Event: 225.500 Loading class java/util/concurrent/CompletableFuture$AsyncRun
Event: 225.500 Loading class java/util/concurrent/CompletableFuture$AsyncRun done
Event: 398.282 Loading class jdk/internal/math/FormattedFloatingDecimal$Form
Event: 398.296 Loading class jdk/internal/math/FormattedFloatingDecimal$Form done
Event: 398.297 Loading class jdk/internal/math/FormattedFloatingDecimal
Event: 398.311 Loading class jdk/internal/math/FormattedFloatingDecimal done
Event: 398.312 Loading class jdk/internal/math/FormattedFloatingDecimal$1
Event: 398.315 Loading class jdk/internal/math/FormattedFloatingDecimal$1 done
Event: 398.333 Loading class jdk/internal/math/FormattedFloatingDecimal$2
Event: 398.335 Loading class jdk/internal/math/FormattedFloatingDecimal$2 done

Classes unloaded (20 events):
Event: 411.283 Thread 0x000002b66c70c390 Unloading class 0x000002b60208a400 'java/lang/invoke/LambdaForm$MH+0x000002b60208a400'
Event: 411.283 Thread 0x000002b66c70c390 Unloading class 0x000002b60207ac00 'java/lang/invoke/LambdaForm$MH+0x000002b60207ac00'
Event: 411.283 Thread 0x000002b66c70c390 Unloading class 0x000002b602050800 'java/lang/invoke/LambdaForm$MH+0x000002b602050800'
Event: 411.283 Thread 0x000002b66c70c390 Unloading class 0x000002b602050400 'java/lang/invoke/LambdaForm$MH+0x000002b602050400'
Event: 411.283 Thread 0x000002b66c70c390 Unloading class 0x000002b602041000 'java/lang/invoke/LambdaForm$MH+0x000002b602041000'
Event: 411.283 Thread 0x000002b66c70c390 Unloading class 0x000002b60203fc00 'java/lang/invoke/LambdaForm$MH+0x000002b60203fc00'
Event: 411.283 Thread 0x000002b66c70c390 Unloading class 0x000002b602030800 'java/lang/invoke/LambdaForm$MH+0x000002b602030800'
Event: 411.283 Thread 0x000002b66c70c390 Unloading class 0x000002b602030400 'java/lang/invoke/LambdaForm$MH+0x000002b602030400'
Event: 411.284 Thread 0x000002b66c70c390 Unloading class 0x000002b602003c00 'java/lang/invoke/LambdaForm$MH+0x000002b602003c00'
Event: 411.284 Thread 0x000002b66c70c390 Unloading class 0x000002b602003800 'java/lang/invoke/LambdaForm$MH+0x000002b602003800'
Event: 411.284 Thread 0x000002b66c70c390 Unloading class 0x000002b601fef800 'java/lang/invoke/LambdaForm$MH+0x000002b601fef800'
Event: 411.284 Thread 0x000002b66c70c390 Unloading class 0x000002b601fec400 'java/lang/invoke/LambdaForm$MH+0x000002b601fec400'
Event: 411.284 Thread 0x000002b66c70c390 Unloading class 0x000002b601fda000 'java/lang/invoke/LambdaForm$MH+0x000002b601fda000'
Event: 411.284 Thread 0x000002b66c70c390 Unloading class 0x000002b601fd3400 'java/lang/invoke/LambdaForm$MH+0x000002b601fd3400'
Event: 411.284 Thread 0x000002b66c70c390 Unloading class 0x000002b601fc8800 'java/lang/invoke/LambdaForm$MH+0x000002b601fc8800'
Event: 411.284 Thread 0x000002b66c70c390 Unloading class 0x000002b601fc8400 'java/lang/invoke/LambdaForm$MH+0x000002b601fc8400'
Event: 411.284 Thread 0x000002b66c70c390 Unloading class 0x000002b601fa7400 'java/lang/invoke/LambdaForm$MH+0x000002b601fa7400'
Event: 411.284 Thread 0x000002b66c70c390 Unloading class 0x000002b601fa7000 'java/lang/invoke/LambdaForm$MH+0x000002b601fa7000'
Event: 411.284 Thread 0x000002b66c70c390 Unloading class 0x000002b601f26c00 'java/lang/invoke/LambdaForm$MH+0x000002b601f26c00'
Event: 411.284 Thread 0x000002b66c70c390 Unloading class 0x000002b601f26800 'java/lang/invoke/LambdaForm$MH+0x000002b601f26800'

Classes redefined (0 events):
No events

Internal exceptions (20 events):
Event: 399.043 Thread 0x000002b674a811d0 Implicit null exception at 0x000002b65e84c160 to 0x000002b65e853b54
Event: 399.451 Thread 0x000002b674a811d0 Exception <a 'sun/nio/fs/WindowsException'{0x00000000a4b06b20}> (0x00000000a4b06b20) 
thrown [s\src\hotspot\share\prims\jni.cpp, line 516]
Event: 399.451 Thread 0x000002b674a811d0 Exception <a 'sun/nio/fs/WindowsException'{0x00000000a4b085b0}> (0x00000000a4b085b0) 
thrown [s\src\hotspot\share\prims\jni.cpp, line 516]
Event: 399.451 Thread 0x000002b674a811d0 Exception <a 'sun/nio/fs/WindowsException'{0x00000000a4b0abc0}> (0x00000000a4b0abc0) 
thrown [s\src\hotspot\share\prims\jni.cpp, line 516]
Event: 401.328 Thread 0x000002b67d50a870 Exception <a 'sun/nio/fs/WindowsException'{0x00000000a2dd5440}> (0x00000000a2dd5440) 
thrown [s\src\hotspot\share\prims\jni.cpp, line 516]
Event: 401.332 Thread 0x000002b67d50a870 Exception <a 'sun/nio/fs/WindowsException'{0x00000000a2dd7348}> (0x00000000a2dd7348) 
thrown [s\src\hotspot\share\prims\jni.cpp, line 516]
Event: 401.333 Thread 0x000002b67d50a870 Exception <a 'sun/nio/fs/WindowsException'{0x00000000a2dd91b0}> (0x00000000a2dd91b0) 
thrown [s\src\hotspot\share\prims\jni.cpp, line 516]
Event: 401.333 Thread 0x000002b67d50a870 Exception <a 'sun/nio/fs/WindowsException'{0x00000000a2ddacf0}> (0x00000000a2ddacf0) 
thrown [s\src\hotspot\share\prims\jni.cpp, line 516]
Event: 401.335 Thread 0x000002b67d50a870 Exception <a 'sun/nio/fs/WindowsException'{0x00000000a2de63f0}> (0x00000000a2de63f0) 
thrown [s\src\hotspot\share\prims\jni.cpp, line 516]
Event: 401.417 Thread 0x000002b67d50a870 Exception <a 'sun/nio/fs/WindowsException'{0x00000000a2a3c080}> (0x00000000a2a3c080) 
thrown [s\src\hotspot\share\prims\jni.cpp, line 516]
Event: 401.417 Thread 0x000002b67d50a870 Exception <a 'sun/nio/fs/WindowsException'{0x00000000a2a3e000}> (0x00000000a2a3e000) 
thrown [s\src\hotspot\share\prims\jni.cpp, line 516]
Event: 401.417 Thread 0x000002b67d50a870 Exception <a 'sun/nio/fs/WindowsException'{0x00000000a2a43178}> (0x00000000a2a43178) 
thrown [s\src\hotspot\share\prims\jni.cpp, line 516]
Event: 401.418 Thread 0x000002b67d50a870 Exception <a 'sun/nio/fs/WindowsException'{0x00000000a2a44d30}> (0x00000000a2a44d30) 
thrown [s\src\hotspot\share\prims\jni.cpp, line 516]
Event: 402.614 Thread 0x000002b67d509940 Exception <a 'sun/nio/fs/WindowsException'{0x00000000a4a2e768}> (0x00000000a4a2e768) 
thrown [s\src\hotspot\share\prims\jni.cpp, line 516]
Event: 402.618 Thread 0x000002b67d509940 Exception <a 'sun/nio/fs/WindowsException'{0x00000000a4a307f0}> (0x00000000a4a307f0) 
thrown [s\src\hotspot\share\prims\jni.cpp, line 516]
Event: 402.619 Thread 0x000002b67d509940 Exception <a 'sun/nio/fs/WindowsException'{0x00000000a4a32a00}> (0x00000000a4a32a00) 
thrown [s\src\hotspot\share\prims\jni.cpp, line 516]
Event: 402.619 Thread 0x000002b67d509940 Exception <a 'sun/nio/fs/WindowsException'{0x00000000a4a34680}> (0x00000000a4a34680) 
thrown [s\src\hotspot\share\prims\jni.cpp, line 516]
Event: 406.000 Thread 0x000002b674a811d0 Exception <a 'java/lang/IncompatibleClassChangeError'{0x00000000a4d9d2a8}: Found class java.lang.Object, but interface was expected> (0x00000000a4d9d2a8) 
thrown [s\src\hotspot\share\interpreter\linkResolver.cpp, line 826]
Event: 406.001 Thread 0x000002b674a811d0 Exception <a 'java/lang/IncompatibleClassChangeError'{0x00000000a4d9ebe8}: Found class java.lang.Object, but interface was expected> (0x00000000a4d9ebe8) 
thrown [s\src\hotspot\share\interpreter\linkResolver.cpp, line 826]
Event: 407.553 Thread 0x000002b674a811d0 Implicit null exception at 0x000002b65ed82100 to 0x000002b65ed823dc

VM Operations (20 events):
Event: 406.682 Executing VM operation: G1CollectForAllocation done
Event: 407.349 Executing VM operation: G1CollectForAllocation
Event: 407.364 Executing VM operation: G1CollectForAllocation done
Event: 408.093 Executing VM operation: G1CollectForAllocation
Event: 408.107 Executing VM operation: G1CollectForAllocation done
Event: 408.550 Executing VM operation: G1CollectForAllocation
Event: 408.573 Executing VM operation: G1CollectForAllocation done
Event: 409.078 Executing VM operation: G1CollectForAllocation
Event: 409.097 Executing VM operation: G1CollectForAllocation done
Event: 409.526 Executing VM operation: G1CollectForAllocation
Event: 409.542 Executing VM operation: G1CollectForAllocation done
Event: 409.848 Executing VM operation: HandshakeAllThreads
Event: 409.848 Executing VM operation: HandshakeAllThreads done
Event: 410.172 Executing VM operation: G1CollectForAllocation
Event: 410.194 Executing VM operation: G1CollectForAllocation done
Event: 410.258 Executing VM operation: HandshakeAllThreads
Event: 410.259 Executing VM operation: HandshakeAllThreads done
Event: 411.267 Executing VM operation: Cleanup
Event: 411.267 Executing VM operation: Cleanup done
Event: 411.280 Executing VM operation: G1PauseRemark

Memory protections (0 events):
No events

Nmethod flushes (20 events):
Event: 410.340 Thread 0x000002b66c8b36c0 flushing  nmethod 0x000002b65801d390
Event: 410.340 Thread 0x000002b66c8b36c0 flushing  nmethod 0x000002b658022590
Event: 410.340 Thread 0x000002b66c8b36c0 flushing  nmethod 0x000002b658022d90
Event: 410.340 Thread 0x000002b66c8b36c0 flushing  nmethod 0x000002b658024290
Event: 410.340 Thread 0x000002b66c8b36c0 flushing  nmethod 0x000002b658047510
Event: 410.341 Thread 0x000002b66c8b36c0 flushing  nmethod 0x000002b6580a8a90
Event: 410.341 Thread 0x000002b66c8b36c0 flushing  nmethod 0x000002b658129990
Event: 410.343 Thread 0x000002b66c8b36c0 flushing  nmethod 0x000002b6582d2010
Event: 410.343 Thread 0x000002b66c8b36c0 flushing  nmethod 0x000002b658317d10
Event: 410.344 Thread 0x000002b66c8b36c0 flushing  nmethod 0x000002b658353790
Event: 410.344 Thread 0x000002b66c8b36c0 flushing  nmethod 0x000002b658376790
Event: 410.344 Thread 0x000002b66c8b36c0 flushing  nmethod 0x000002b658377d90
Event: 410.344 Thread 0x000002b66c8b36c0 flushing  nmethod 0x000002b6583b9690
Event: 410.345 Thread 0x000002b66c8b36c0 flushing  nmethod 0x000002b65840cf90
Event: 410.345 Thread 0x000002b66c8b36c0 flushing  nmethod 0x000002b658425690
Event: 410.345 Thread 0x000002b66c8b36c0 flushing  nmethod 0x000002b65842f110
Event: 410.345 Thread 0x000002b66c8b36c0 flushing  nmethod 0x000002b65842f590
Event: 410.347 Thread 0x000002b66c8b36c0 flushing  nmethod 0x000002b658588b10
Event: 410.347 Thread 0x000002b66c8b36c0 flushing  nmethod 0x000002b6585a1810
Event: 410.349 Thread 0x000002b66c8b36c0 flushing  nmethod 0x000002b658763990

Events (20 events):
Event: 404.189 Thread 0x000002b674a811d0 Thread added: 0x000002b61e066380
Event: 404.190 Thread 0x000002b674a811d0 Thread added: 0x000002b61e066890
Event: 404.191 Thread 0x000002b674a811d0 Thread added: 0x000002b61e066da0
Event: 404.191 Thread 0x000002b674a811d0 Thread added: 0x000002b61e064010
Event: 404.844 Thread 0x000002b674a811d0 Thread added: 0x000002b61d81f450
Event: 404.844 Thread 0x000002b674a811d0 Thread added: 0x000002b61d5daaa0
Event: 404.845 Thread 0x000002b674a811d0 Thread added: 0x000002b61d5d7800
Event: 404.846 Thread 0x000002b674a811d0 Thread added: 0x000002b61d5d8220
Event: 404.846 Thread 0x000002b674a811d0 Thread added: 0x000002b61d5d72f0
Event: 405.503 Thread 0x000002b61c4369b0 Thread exited: 0x000002b61c4369b0
Event: 405.642 Thread 0x000002b66c847550 Thread added: 0x000002b61c435470
Event: 407.371 Thread 0x000002b61c435470 Thread exited: 0x000002b61c435470
Event: 407.560 Thread 0x000002b674a811d0 Thread added: 0x000002b61e7c56a0
Event: 407.588 Thread 0x000002b61e7c56a0 Thread added: 0x000002b674a807b0
Event: 407.588 Thread 0x000002b61e7c56a0 Thread added: 0x000002b674a84e90
Event: 407.958 Thread 0x000002b61c4329f0 Thread exited: 0x000002b61c4329f0
Event: 407.999 Thread 0x000002b66c8ab1b0 Thread added: 0x000002b61c435470
Event: 408.586 Thread 0x000002b66c8ab1b0 Thread added: 0x000002b61c436f00
Event: 408.711 Thread 0x000002b61c436f00 Thread exited: 0x000002b61c436f00
Event: 409.596 Thread 0x000002b61c435470 Thread added: 0x000002b61c436f00


Dynamic libraries:
0x00007ff787080000 - 0x00007ff78708e000 	C:\Program Files\Eclipse Adoptium\jdk-17.0.16.8-hotspot\bin\java.exe
0x00007ff873740000 - 0x00007ff8739a7000 	C:\WINDOWS\SYSTEM32\ntdll.dll
0x00007ff871ee0000 - 0x00007ff871fa9000 	C:\WINDOWS\System32\KERNEL32.DLL
0x00007ff870d70000 - 0x00007ff871167000 	C:\WINDOWS\System32\KERNELBASE.dll
0x00007ff871220000 - 0x00007ff87136b000 	C:\WINDOWS\System32\ucrtbase.dll
0x00007ff80f790000 - 0x00007ff80f7a7000 	C:\Program Files\Eclipse Adoptium\jdk-17.0.16.8-hotspot\bin\jli.dll
0x00007ff872150000 - 0x00007ff872316000 	C:\WINDOWS\System32\USER32.dll
0x00007ff80bd70000 - 0x00007ff80bd8e000 	C:\Program Files\Eclipse Adoptium\jdk-17.0.16.8-hotspot\bin\VCRUNTIME140.dll
0x00007ff85f2e0000 - 0x00007ff85f572000 	C:\WINDOWS\WinSxS\amd64_microsoft.windows.common-controls_6595b64144ccf1df_6.0.26100.8457_none_3e0b2faee331e92d\COMCTL32.dll
0x00007ff8709e0000 - 0x00007ff870a07000 	C:\WINDOWS\System32\win32u.dll
0x00007ff8718b0000 - 0x00007ff871959000 	C:\WINDOWS\System32\msvcrt.dll
0x00007ff871620000 - 0x00007ff87164b000 	C:\WINDOWS\System32\GDI32.dll
0x00007ff870c40000 - 0x00007ff870d6c000 	C:\WINDOWS\System32\gdi32full.dll
0x00007ff871170000 - 0x00007ff871213000 	C:\WINDOWS\System32\msvcp_win.dll
0x00007ff871710000 - 0x00007ff871742000 	C:\WINDOWS\System32\IMM32.DLL
0x00007ff858390000 - 0x00007ff85839c000 	C:\Program Files\Eclipse Adoptium\jdk-17.0.16.8-hotspot\bin\vcruntime140_1.dll
0x00007ffff2780000 - 0x00007ffff280d000 	C:\Program Files\Eclipse Adoptium\jdk-17.0.16.8-hotspot\bin\msvcp140.dll
0x00007fffc3710000 - 0x00007fffc437b000 	C:\Program Files\Eclipse Adoptium\jdk-17.0.16.8-hotspot\bin\server\jvm.dll
0x00007ff871650000 - 0x00007ff871706000 	C:\WINDOWS\System32\ADVAPI32.dll
0x00007ff872090000 - 0x00007ff872137000 	C:\WINDOWS\System32\sechost.dll
0x00007ff871b90000 - 0x00007ff871ca8000 	C:\WINDOWS\System32\RPCRT4.dll
0x00007ff873350000 - 0x00007ff8733d0000 	C:\WINDOWS\System32\WS2_32.dll
0x00007ff86ffd0000 - 0x00007ff87002e000 	C:\WINDOWS\SYSTEM32\POWRPROF.dll
0x00007ff84ced0000 - 0x00007ff84cf06000 	C:\WINDOWS\SYSTEM32\WINMM.dll
0x00007ff869800000 - 0x00007ff86980b000 	C:\WINDOWS\SYSTEM32\VERSION.dll
0x00007ff86ffb0000 - 0x00007ff86ffc4000 	C:\WINDOWS\SYSTEM32\UMPDC.dll
0x00007ff86eec0000 - 0x00007ff86eedb000 	C:\WINDOWS\SYSTEM32\kernel.appcore.dll
0x00007ff853950000 - 0x00007ff85395a000 	C:\Program Files\Eclipse Adoptium\jdk-17.0.16.8-hotspot\bin\jimage.dll
0x00007ff862360000 - 0x00007ff8625a2000 	C:\WINDOWS\SYSTEM32\DBGHELP.DLL
0x00007ff872840000 - 0x00007ff872bc3000 	C:\WINDOWS\System32\combase.dll
0x00007ff871fb0000 - 0x00007ff872089000 	C:\WINDOWS\System32\OLEAUT32.dll
0x00007ff859c10000 - 0x00007ff859c4b000 	C:\WINDOWS\SYSTEM32\dbgcore.DLL
0x00007ff870b90000 - 0x00007ff870c38000 	C:\WINDOWS\System32\bcryptPrimitives.dll
0x00007ff846080000 - 0x00007ff84608e000 	C:\Program Files\Eclipse Adoptium\jdk-17.0.16.8-hotspot\bin\instrument.dll
0x00007ff803e70000 - 0x00007ff803e95000 	C:\Program Files\Eclipse Adoptium\jdk-17.0.16.8-hotspot\bin\java.dll
0x00007ffff26a0000 - 0x00007ffff2777000 	C:\Program Files\Eclipse Adoptium\jdk-17.0.16.8-hotspot\bin\jsvml.dll
0x00007ff872bd0000 - 0x00007ff87333e000 	C:\WINDOWS\System32\SHELL32.dll
0x00007ff870170000 - 0x00007ff8709dc000 	C:\WINDOWS\System32\windows.storage.dll
0x00007ff871cb0000 - 0x00007ff871da6000 	C:\WINDOWS\System32\SHCORE.dll
0x00007ff873610000 - 0x00007ff873676000 	C:\WINDOWS\System32\shlwapi.dll
0x00007ff870090000 - 0x00007ff8700b9000 	C:\WINDOWS\SYSTEM32\profapi.dll
0x00007ff805350000 - 0x00007ff805368000 	C:\Program Files\Eclipse Adoptium\jdk-17.0.16.8-hotspot\bin\zip.dll
0x00007ff80bd50000 - 0x00007ff80bd69000 	C:\Program Files\Eclipse Adoptium\jdk-17.0.16.8-hotspot\bin\net.dll
0x00007ff869b90000 - 0x00007ff869cb9000 	C:\WINDOWS\SYSTEM32\WINHTTP.dll
0x00007ff86f410000 - 0x00007ff86f47c000 	C:\WINDOWS\system32\mswsock.dll
0x00007ff8063d0000 - 0x00007ff8063e6000 	C:\Program Files\Eclipse Adoptium\jdk-17.0.16.8-hotspot\bin\nio.dll
0x00007ff84b220000 - 0x00007ff84b230000 	C:\Program Files\Eclipse Adoptium\jdk-17.0.16.8-hotspot\bin\verify.dll
0x00007ff86d7e0000 - 0x00007ff86d807000 	C:\Users\ansab\.gradle\native\1def1411415f61bf3af743bc5b6707747c0891f09f0c88961ee8f79bc544acac\windows-amd64\native-platform.dll
0x00007ff83ffc0000 - 0x00007ff840037000 	C:\Users\ansab\.gradle\native\0.2.8\x86_64-windows-gnu\gradle-fileevents.dll
0x00007ff84c010000 - 0x00007ff84c01a000 	C:\Program Files\Eclipse Adoptium\jdk-17.0.16.8-hotspot\bin\management.dll
0x00007ff84b480000 - 0x00007ff84b48b000 	C:\Program Files\Eclipse Adoptium\jdk-17.0.16.8-hotspot\bin\management_ext.dll
0x00007ff873460000 - 0x00007ff873468000 	C:\WINDOWS\System32\PSAPI.DLL
0x00007ff86e960000 - 0x00007ff86e992000 	C:\WINDOWS\SYSTEM32\IPHLPAPI.DLL
0x00007ff8718a0000 - 0x00007ff8718aa000 	C:\WINDOWS\System32\NSI.dll
0x00007ff86b670000 - 0x00007ff86b68d000 	C:\WINDOWS\SYSTEM32\dhcpcsvc6.DLL
0x00007ff86b560000 - 0x00007ff86b585000 	C:\WINDOWS\SYSTEM32\dhcpcsvc.DLL
0x00007ff86ea40000 - 0x00007ff86eb72000 	C:\WINDOWS\SYSTEM32\DNSAPI.dll
0x00007ff817f20000 - 0x00007ff817f29000 	C:\Program Files\Eclipse Adoptium\jdk-17.0.16.8-hotspot\bin\extnet.dll
0x00007ff86f810000 - 0x00007ff86f82b000 	C:\WINDOWS\SYSTEM32\CRYPTSP.dll
0x00007ff86ee20000 - 0x00007ff86ee59000 	C:\WINDOWS\system32\rsaenh.dll
0x00007ff86f4c0000 - 0x00007ff86f4f3000 	C:\WINDOWS\SYSTEM32\USERENV.dll
0x00007ff870060000 - 0x00007ff87008a000 	C:\WINDOWS\SYSTEM32\bcrypt.dll
0x00007ff86f670000 - 0x00007ff86f67c000 	C:\WINDOWS\SYSTEM32\CRYPTBASE.dll
0x00007ff8174a0000 - 0x00007ff8174ae000 	C:\Program Files\Eclipse Adoptium\jdk-17.0.16.8-hotspot\bin\sunmscapi.dll
0x00007ff870a10000 - 0x00007ff870b88000 	C:\WINDOWS\System32\CRYPT32.dll
0x00007ff86f970000 - 0x00007ff86f9a0000 	C:\WINDOWS\SYSTEM32\ncrypt.dll
0x00007ff86f920000 - 0x00007ff86f95f000 	C:\WINDOWS\SYSTEM32\NTASN1.dll
0x00007ff810310000 - 0x00007ff810318000 	C:\WINDOWS\system32\wshunix.dll
0x00007ff8697f0000 - 0x00007ff8697fb000 	C:\Windows\System32\rasadhlp.dll
0x00007ff86b690000 - 0x00007ff86b716000 	C:\WINDOWS\System32\fwpuclnt.dll

dbghelp: loaded successfully - version: 4.0.5 - missing functions: none
symbol engine: initialized successfully - sym options: 0x614 - pdb path: .;C:\Program Files\Eclipse Adoptium\jdk-17.0.16.8-hotspot\bin;C:\WINDOWS\SYSTEM32;C:\WINDOWS\WinSxS\amd64_microsoft.windows.common-controls_6595b64144ccf1df_6.0.26100.8457_none_3e0b2faee331e92d;C:\Program Files\Eclipse Adoptium\jdk-17.0.16.8-hotspot\bin\server;C:\Users\ansab\.gradle\native\1def1411415f61bf3af743bc5b6707747c0891f09f0c88961ee8f79bc544acac\windows-amd64;C:\Users\ansab\.gradle\native\0.2.8\x86_64-windows-gnu

VM Arguments:
jvm_args: --add-opens=java.base/java.lang=ALL-UNNAMED --add-opens=java.base/java.lang.invoke=ALL-UNNAMED --add-opens=java.base/java.util=ALL-UNNAMED --add-opens=java.prefs/java.util.prefs=ALL-UNNAMED --add-exports=jdk.compiler/com.sun.tools.javac.api=ALL-UNNAMED --add-exports=jdk.compiler/com.sun.tools.javac.util=ALL-UNNAMED --add-opens=java.base/java.util=ALL-UNNAMED --add-opens=java.prefs/java.util.prefs=ALL-UNNAMED --add-opens=java.base/java.nio.charset=ALL-UNNAMED --add-opens=java.base/java.net=ALL-UNNAMED --add-opens=java.base/java.util.concurrent=ALL-UNNAMED --add-opens=java.base/java.util.concurrent.atomic=ALL-UNNAMED --add-opens=java.xml/javax.xml.namespace=ALL-UNNAMED -XX:MaxMetaspaceSize=512m -Xmx2048m -Dfile.encoding=windows-1252 -Duser.country=US -Duser.language=en -Duser.variant -javaagent:C:\Users\ansab\.gradle\wrapper\dists\gradle-9.0.0-bin\d6wjpkvcgsg3oed0qlfss3wgl\gradle-9.0.0\lib\agents\gradle-instrumentation-agent-9.0.0.jar 
java_command: org.gradle.launcher.daemon.bootstrap.GradleDaemon 9.0.0
java_class_path (initial): C:\Users\ansab\.gradle\wrapper\dists\gradle-9.0.0-bin\d6wjpkvcgsg3oed0qlfss3wgl\gradle-9.0.0\lib\gradle-daemon-main-9.0.0.jar
Launcher Type: SUN_STANDARD

[Global flags]
     intx CICompilerCount                          = 4                                         {product} {ergonomic}
   size_t CompressedClassSpaceSize                 = 436207616                                 {product} {ergonomic}
     uint ConcGCThreads                            = 2                                         {product} {ergonomic}
     uint G1ConcRefinementThreads                  = 8                                         {product} {ergonomic}
   size_t G1HeapRegionSize                         = 1048576                                   {product} {ergonomic}
    uintx GCDrainStackTargetSize                   = 64                                        {product} {ergonomic}
   size_t InitialHeapSize                          = 264241152                                 {product} {ergonomic}
   size_t MarkStackSize                            = 4194304                                   {product} {ergonomic}
   size_t MaxHeapSize                              = 2147483648                                {product} {command line}
   size_t MaxMetaspaceSize                         = 536870912                                 {product} {command line}
   size_t MaxNewSize                               = 1287651328                                {product} {ergonomic}
   size_t MinHeapDeltaBytes                        = 1048576                                   {product} {ergonomic}
   size_t MinHeapSize                              = 8388608                                   {product} {ergonomic}
    uintx NonNMethodCodeHeapSize                   = 5839372                                {pd product} {ergonomic}
    uintx NonProfiledCodeHeapSize                  = 122909434                              {pd product} {ergonomic}
    uintx ProfiledCodeHeapSize                     = 122909434                              {pd product} {ergonomic}
    uintx ReservedCodeCacheSize                    = 251658240                              {pd product} {ergonomic}
     bool SegmentedCodeCache                       = true                                      {product} {ergonomic}
   size_t SoftMaxHeapSize                          = 2147483648                             {manageable} {ergonomic}
     bool UseCompressedClassPointers               = true                           {product lp64_product} {ergonomic}
     bool UseCompressedOops                        = true                           {product lp64_product} {ergonomic}
     bool UseG1GC                                  = true                                      {product} {ergonomic}
     bool UseLargePagesIndividualAllocation        = false                                  {pd product} {ergonomic}

Logging:
Log output configuration:
 #0: stdout all=warning uptime,level,tags
 #1: stderr all=off uptime,level,tags

Environment Variables:
JAVA_HOME=C:\Program Files\Eclipse Adoptium\jdk-17.0.16.8-hotspot
PATH=C:\Projects\swapp\node_modules\.bin;C:\Projects\swapp\node_modules\.bin;C:\Projects\node_modules\.bin;C:\node_modules\.bin;C:\Program Files\nodejs\node_modules\npm\node_modules\@npmcli\run-script\lib\node-gyp-bin;C:\Python314\Scripts\;C:\Python314\;C:\Program Files\Eclipse Adoptium\jdk-17.0.16.8-hotspot\bin;C:\WINDOWS\system32;C:\WINDOWS;C:\WINDOWS\System32\Wbem;C:\WINDOWS\System32\WindowsPowerShell\v1.0\;C:\WINDOWS\System32\OpenSSH\;C:\Program Files\Git\cmd;C:\Users\ansab\AppData\Local\Programs\Python\Python313\Scripts\;C:\Users\ansab\AppData\Local\Programs\Python\Python313\;C:\Users\ansab\AppData\Local\Programs\Python\Launcher\;C:\Users\ansab\AppData\Local\Microsoft\WindowsApps;C:\Users\ansab\AppData\Local\Programs\Microsoft VS Code\bin;C:\Users\ansab\AppData\Roaming\npm;C:\Users\ansab\AppData\Local\Programs\cursor\resources\app\bin;C:\Users\ansab\AppData\Local\Android\Sdk\platform-tools;C:\Users\ansab\AppData\Local\Android\Sdk\emulator;C:\Users\ansab\AppData\Local\Android\Sdk\tools;C:\Users\ansab\AppData\Local\Android\Sdk\tools\bin;C:\Users\ansab\AppData\Local\Android\Sdk\platform-tools;C:\Program Files\Eclipse Adoptium\jdk-17.0.16.8-hotspot\bin;C:\Users\ansab\AppData\Local\Android\Sdk\platform-tools;C:\Users\ansab\AppData\Local\Android\Sdk\tools;C:\Users\ansab\AppData\Local\Android\Sdk\tools\bin;C:\Users\ansab\AppData\Local\Android\Sdk\emulator;C:\Program Files\Void\bin;C:\Users\ansab\AppData\Roaming\nvm;C:\Program Files\nodejs;C:\Program Files\loophole-cli\;C:\Program Files\nodejs\;C:\ProgramData\chocolatey\bin;C:\Program Files\Memurai\;c:\Users\ansab\AppData\Local\Programs\Trae\bin;C:\Users\ansab\AppData\Local\Programs\Python\Python313\Scripts\;C:\Users\ansab\AppData\Local\Programs\Python\Python313\;C:\Users\ansab\AppData\Local\Programs\Python\Launcher\;C:\Users\ansab\AppData\Local\Microsoft\WindowsApps;C:\Users\ansab\AppData\Local\Programs\Microsoft VS Code\bin;C:\Users\ansab\AppData\Local\Programs\cursor\resources\app\bin;C:\Users\ansab\AppData\Roaming\nvm;C:\Program Files\nodejs;C:\Users\ansab\AppData\Local\Programs\Ollama;C:\Users\ansab\AppData\Roaming\npm;C:\Users\ansab\AppData\Local\Programs\Antigravity IDE\bin;c:\Users\ansab\.antigravity-ide\extensions\vscjava.vscode-java-debug-0.59.0-universal\bundled\scripts\noConfigScripts
USERNAME=ansab
LANG=en_US.UTF-8
OS=Windows_NT
PROCESSOR_IDENTIFIER=Intel64 Family 6 Model 142 Stepping 12, GenuineIntel
TMP=C:\Users\ansab\AppData\Local\Temp
TEMP=C:\Users\ansab\AppData\Local\Temp



Periodic native trim disabled


---------------  S Y S T E M  ---------------

OS:
 Windows 11 , 64 bit Build 26100 (10.0.26100.8328)
OS uptime: 6 days 22:12 hours
Hyper-V role detected

CPU: total 8 (initial active 8) (4 cores per cpu, 2 threads per core) family 6 model 142 stepping 12 microcode 0xfa, cx8, cmov, fxsr, ht, mmx, 3dnowpref, sse, sse2, sse3, ssse3, sse4.1, sse4.2, popcnt, lzcnt, tsc, tscinvbit, avx, avx2, aes, erms, clmul, bmi1, bmi2, adx, fma, vzeroupper, clflush, clflushopt, hv
Processor Information for all 8 processors :
  Max Mhz: 2304, Current Mhz: 1803, Mhz Limit: 1797

Memory: 4k page, system-wide physical 16107M (462M free)
TotalPageFile size 46436M (AvailPageFile size 308M)
current process WorkingSet (physical memory assigned to process): 698M, peak: 1056M
current process commit charge ("private bytes"): 1132M, peak: 1475M

vm_info: OpenJDK 64-Bit Server VM (17.0.16+8) for windows-amd64 JRE (17.0.16+8), built on Jul 16 2025 10:37:56 by "admin" with MS VC++ 17.7 (VS2022)

END.
